,AGUASCALIENTES,BAJA CALIFORNIA,BAJA CALIFORNIA SUR,CAMPECHE,COAHUILA,COLIMA,CHIAPAS,CHIHUAHUA,DISTRITO FEDERAL,DURANGO,GUANAJUATO,GUERRERO,HIDALGO,JALISCO,ESTADO DE MÉXICO,MICHOACÁN,MORELOS,NAYARIT,NUEVO LEÓN,OAXACA,PUEBLA,QUERÉTARO,QUINTANA ROO,SAN LUIS POTOSÍ,SINALOA,SONORA,TABASCO,TAMAULIPAS,TLAXCALA,VERACRUZ,YUCATÁN,ZACATECAS,NACIONAL
0,4.9,12.2,30.3,20.9,40.7,8.1,107.3,54.6,1.1,61.3,1.4,15.8,22.5,7.1,3.5,1.4,2.8,60.8,36.6,10.9,12.1,2.8,64.7,12.4,115.6,44.8,189.3,25.2,2.9,22.8,56.2,20.5,36.0
1,1.6,23.6,0.1,26.7,6.2,1.8,59.2,9.4,1.5,4.7,2.8,1.2,14.7,1.6,2.5,1.4,1.1,3.2,18.9,18.7,27.1,3.0,56.8,22.6,2.4,14.9,98.7,12.4,6.1,39.8,31.6,1.2,16.5
2,1.9,10.0,0.3,16.5,4.9,0.2,60.5,5.1,4.7,0.5,3.0,6.2,17.7,2.3,10.7,5.9,3.3,5.2,22.2,31.8,25.3,1.2,25.6,7.7,8.4,6.2,94.7,18.3,23.4,31.1,31.6,1.2,15.0
3,17.6,3.7,0.3,4.2,43.6,0.1,100.1,21.1,52.0,11.4,26.1,5.5,74.3,1.8,31.6,10.4,7.7,0.0,80.6,33.6,62.2,59.6,1.6,137.4,2.4,19.6,148.8,102.5,59.9,79.3,22.1,12.8,37.2
4,21.5,0.0,0.1,233.4,46.9,1.2,111.9,8.1,67.2,6.6,55.7,37.7,77.9,10.7,54.3,23.7,49.2,1.7,63.1,80.1,72.3,58.3,371.0,72.8,0.1,0.3,97.4,81.4,101.4,55.4,142.2,21.4,51.5
5,137.1,0.3,0.3,124.7,46.3,95.8,258.1,47.4,229.6,51.4,161.8,206.4,161.8,242.8,200.4,200.4,235.5,166.2,87.8,260.9,205.4,174.6,140.1,169.1,89.6,13.1,312.2,192.7,147.5,214.2,131.4,107.6,126.9
6,85.4,0.8,19.6,142.7,20.2,102.6,256.0,74.5,130.6,96.9,104.2,240.6,156.8,174.2,140.4,165.0,184.0,282.4,14.7,291.7,191.4,133.7,165.5,263.7,167.0,106.0,268.4,132.9,94.2,263.3,175.7,81.1,139.8
7,68.3,0.0,22.9,194.1,30.0,122.5,249.0,61.2,109.2,99.1,90.5,244.5,59.8,130.3,153.2,184.7,107.6,257.5,47.1,236.9,144.0,58.1,143.3,79.9,140.2,70.1,302.9,53.5,105.9,169.3,156.9,65.3,118.8
8,47.6,13.5,18.5,154.6,44.3,103.0,259.0,66.2,68.7,76.4,46.5,176.5,66.5,121.8,121.5,100.8,142.2,165.8,51.0,195.5,155.6,57.1,154.0,99.1,158.2,58.0,260.8,62.6,94.3,184.6,179.2,47.1,106.1
9,50.7,17.3,15.6,32.8,41.6,52.4,192.0,14.2,49.1,49.4,30.8,81.8,19.7,61.1,35.2,49.0,32.6,46.1,73.8,124.8,105.0,21.3,67.2,39.2,73.8,31.6,277.8,91.3,38.3,113.0,69.0,29.0,65.5
10,4.3,64.5,6.6,60.2,8.8,8.1,106.4,9.2,0.2,2.5,8.4,25.5,21.9,10.1,17.4,17.7,6.2,11.5,11.5,69.5,42.3,7.1,100.8,33.0,10.3,21.1,220.0,15.7,6.6,54.7,58.1,3.8,31.9
11,23.4,28.6,1.1,4.0,6.7,2.8,90.5,6.8,0.3,24.3,2.7,4.8,17.8,5.1,6.3,5.0,3.0,10.9,12.5,32.1,38.2,1.7,53.6,29.0,24.5,5.6,222.0,33.7,6.5,59.4,45.7,26.5,25.4
12,0.1,12.6,2.3,17.4,6.1,4.6,92.6,7.4,0.0,2.0,0.0,0.4,4.9,0.6,0.1,0.9,2.6,0.0,2.4,9.6,15.0,0.6,32.4,5.0,7.9,9.3,204.1,3.3,0.9,16.9,25.8,3.9,15.2
13,3.7,43.0,3.7,16.7,5.1,5.6,33.2,9.9,0.0,7.6,3.0,0.6,5.4,7.9,1.5,2.9,2.9,18.7,9.7,33.4,17.1,0.3,18.6,4.1,21.8,16.7,76.5,9.0,3.7,30.8,26.1,6.1,14.9
14,0.0,44.3,0.0,4.9,2.8,0.0,50.3,5.0,0.2,0.1,0.0,0.4,16.8,0.0,1.9,0.0,1.2,0.0,4.1,5.9,12.7,18.0,23.8,8.5,3.0,5.4,88.1,3.8,1.1,19.6,15.6,1.2,10.7
15,10.2,1.7,11.1,31.7,41.3,0.5,36.9,5.9,21.7,17.2,19.8,14.8,50.9,4.3,37.7,3.0,29.4,0.3,69.6,51.5,43.9,125.6,50.3,100.8,1.5,7.5,18.0,37.6,49.3,26.8,60.8,8.9,26.3
16,17.0,0.2,0.2,47.7,43.0,6.9,239.2,17.0,70.3,15.2,26.8,63.2,83.0,45.7,95.1,23.9,60.2,4.0,91.6,139.2,88.3,51.7,96.6,51.1,2.0,15.2,249.3,71.2,84.0,77.6,78.1,20.0,57.4
17,123.9,0.7,0.0,188.6,83.4,119.6,155.5,50.6,236.3,113.3,197.6,184.7,155.9,167.5,176.7,133.1,156.3,86.5,137.8,179.7,250.7,136.7,248.2,188.9,35.7,13.5,122.6,163.9,184.3,236.4,136.2,115.8,122.7
18,51.8,1.5,14.2,161.8,14.3,150.0,171.6,134.7,105.2,146.6,83.2,140.7,104.3,190.1,117.1,125.7,75.3,144.5,21.7,181.6,133.8,58.8,89.4,121.6,124.8,118.5,96.3,58.3,66.4,185.9,116.9,135.3,115.8
19,32.7,2.2,49.6,179.7,20.5,138.5,196.5,93.2,119.3,73.0,64.8,163.5,50.9,149.9,111.3,105.5,50.6,224.3,30.1,185.3,112.6,43.4,72.5,29.0,161.8,100.4,154.0,52.3,72.1,155.9,136.1,54.1,103.8
20,98.1,11.6,18.4,119.8,91.3,193.1,189.9,62.3,80.1,152.4,77.7,131.9,76.9,112.3,90.1,121.9,60.0,116.5,145.4,238.4,135.1,37.8,134.8,93.7,117.3,81.6,165.1,126.0,59.9,186.6,154.9,75.9,125.2
21,80.8,21.5,21.0,121.5,58.9,142.9,120.4,17.8,51.2,77.6,44.0,55.7,71.8,75.9,47.3,47.3,30.0,62.5,62.1,119.5,116.3,32.5,121.4,105.9,135.6,19.4,180.1,83.0,46.4,130.6,118.3,30.5,83.0
22,15.2,10.3,0.9,42.8,11.2,19.0,100.8,9.4,4.0,9.9,12.3,19.1,47.5,12.8,12.7,21.7,11.6,9.6,34.9,71.1,81.6,19.8,61.9,60.6,6.3,14.7,236.6,44.2,17.7,117.9,53.2,7.7,36.8
23,1.6,25.0,19.4,37.3,34.4,5.7,48.2,34.3,0.0,38.6,9.4,11.3,19.6,9.2,7.8,10.5,2.3,13.4,60.2,46.9,48.4,6.3,140.0,31.3,28.6,46.8,142.6,38.5,10.5,82.8,105.5,20.9,36.2
24,23.9,28.9,0.8,60.1,16.2,7.3,36.4,8.2,0.0,19.2,11.9,1.9,13.8,15.1,1.5,4.6,1.1,56.8,39.6,1.0,21.3,4.2,86.3,16.0,13.8,4.7,70.5,29.6,0.6,10.9,35.2,51.3,20.1
25,38.7,48.6,2.7,0.3,34.1,23.9,44.5,6.1,5.8,14.7,31.6,0.5,6.1,46.9,4.7,4.5,0.7,54.2,32.1,6.0,19.4,6.3,55.6,19.6,22.1,23.3,78.5,21.5,3.8,10.6,12.9,44.8,22.0
26,0.0,27.6,0.0,1.8,8.7,0.7,61.8,3.7,4.4,0.0,76.7,3.5,18.8,61.4,10.4,4.9,3.0,13.4,17.1,21.3,27.6,21.5,61.2,15.9,9.1,2.0,83.5,22.1,5.3,35.6,20.7,3.2,16.8
27,8.6,10.6,0.9,10.0,22.8,5.0,29.9,52.0,19.5,6.6,17.7,7.8,34.1,9.3,25.6,46.1,6.4,0.4,37.9,28.4,27.2,20.7,16.7,38.7,9.3,4.3,28.3,24.7,30.8,27.7,9.2,6.5,21.8
28,45.4,1.2,0.4,101.9,75.0,3.2,67.1,30.1,48.7,24.5,40.1,28.9,68.1,32.2,41.1,33.8,22.0,9.0,75.1,55.3,68.5,44.5,327.3,136.0,8.5,15.9,55.4,114.9,63.3,61.7,137.8,25.9,52.6
29,42.5,0.1,0.1,183.9,50.1,88.9,375.4,31.2,108.1,42.6,56.2,179.6,111.4,137.7,149.1,92.6,145.5,92.5,147.7,232.4,167.8,113.1,168.2,142.8,23.2,10.5,341.9,142.8,139.5,215.7,132.2,55.9,101.4
30,112.2,0.8,28.9,189.8,47.7,287.0,377.7,106.7,215.1,90.0,142.4,292.6,128.3,234.6,220.9,259.0,256.0,304.2,82.3,308.9,215.6,129.5,88.8,276.5,133.8,83.8,289.4,134.5,141.6,280.5,132.5,116.2,152.5
31,36.4,1.6,25.3,190.7,56.3,162.4,272.4,128.0,172.2,161.4,104.6,194.1,54.4,179.4,158.7,117.3,103.7,293.4,90.3,76.9,135.5,56.1,107.3,56.6,133.1,98.1,275.2,70.0,117.8,111.9,114.1,70.6,113.8
32,44.2,11.1,36.7,126.7,49.0,104.6,257.9,73.4,116.3,87.8,76.1,196.7,84.7,111.9,107.1,82.7,136.0,194.3,127.9,170.3,179.1,56.0,107.3,149.0,99.6,33.1,281.2,84.9,64.8,230.4,189.4,105.1,104.1
33,0.0,81.3,14.2,71.8,25.4,21.2,94.4,10.1,0.0,11.1,0.8,26.4,32.4,33.2,7.9,17.4,6.9,12.3,29.9,22.5,97.5,19.0,71.8,21.5,21.9,7.7,241.9,38.8,0.3,67.7,71.5,2.6,32.1
34,15.9,41.5,4.7,105.5,6.4,18.2,90.8,3.8,3.1,6.0,11.3,19.1,47.5,15.4,12.8,9.7,5.6,6.1,9.4,53.8,110.4,13.5,134.7,24.6,9.8,4.1,214.5,12.7,9.6,78.8,72.8,4.8,28.2
35,4.0,63.9,6.1,21.6,4.4,9.3,95.5,13.7,0.0,15.3,10.0,0.9,8.3,12.6,1.4,3.8,1.7,14.8,12.7,15.3,23.2,4.4,71.2,7.4,35.6,34.2,166.3,3.8,4.7,25.2,57.0,28.7,23.8
36,0.0,41.6,0.6,0.5,4.0,1.6,105.4,8.4,0.0,5.2,0.1,0.4,7.5,0.8,2.2,1.6,0.8,2.3,29.3,53.6,35.2,3.6,41.7,14.8,6.3,12.6,201.2,34.0,4.0,47.5,41.5,2.1,20.2
37,0.0,20.2,0.0,19.4,8.2,0.0,115.7,4.2,10.9,3.3,0.0,0.8,13.5,0.0,4.6,0.9,0.6,0.5,13.6,0.6,26.7,2.1,14.0,14.7,2.7,1.2,161.6,15.7,6.2,29.5,34.2,1.8,13.2
38,2.0,15.3,0.2,107.7,1.2,3.9,44.5,4.2,36.3,1.6,7.4,3.3,60.6,6.6,31.7,16.4,13.6,1.3,17.5,9.3,28.8,41.9,90.9,43.6,4.2,8.9,64.6,18.8,16.9,30.7,40.2,3.5,17.7
39,17.9,47.3,13.1,3.9,13.5,3.5,36.0,22.1,12.6,2.2,35.7,0.5,40.1,12.3,8.5,1.7,5.6,2.6,51.4,19.6,56.5,24.7,19.0,62.1,10.8,11.2,47.4,41.4,17.5,44.4,15.0,19.3,21.7
40,0.0,3.0,0.1,13.8,32.3,0.3,45.1,4.2,72.0,4.1,1.3,8.9,46.3,0.6,25.3,2.8,14.6,0.7,50.6,130.5,68.4,31.4,11.6,65.6,2.2,0.8,31.7,55.7,43.0,70.1,50.4,5.5,24.8
41,38.3,0.0,1.5,329.9,24.0,89.4,332.4,43.8,174.9,75.6,59.2,334.5,124.0,106.2,159.8,152.3,184.5,181.5,80.2,321.3,219.6,96.9,268.1,171.4,29.6,0.6,305.3,163.5,149.5,229.8,201.8,95.1,121.6
42,119.9,0.1,14.3,281.2,87.4,181.0,231.7,101.7,193.8,149.1,148.3,247.9,138.5,244.4,207.0,173.6,169.9,271.8,84.4,414.4,190.2,151.9,128.5,187.3,147.6,185.1,185.5,104.1,123.7,245.1,232.4,131.6,162.4
43,102.2,6.5,18.9,221.9,70.3,235.4,412.1,118.8,142.5,119.8,129.2,374.8,125.9,204.6,214.0,279.2,133.4,349.9,156.7,348.6,225.0,141.0,110.5,269.1,251.2,105.7,411.8,205.4,142.3,218.4,170.1,114.5,173.8
44,73.6,2.5,43.3,138.2,112.8,183.4,347.3,53.9,92.3,56.4,90.4,214.8,128.0,122.3,161.2,142.3,111.9,140.9,258.7,249.7,195.0,77.0,102.5,158.9,95.0,90.5,245.8,163.6,92.1,199.3,141.9,50.4,123.8
45,29.5,1.2,5.7,85.1,17.6,67.5,216.9,35.7,15.0,8.9,38.1,67.0,29.3,47.2,30.1,21.4,14.5,40.1,32.2,74.9,98.0,35.0,41.5,40.7,31.7,41.9,434.3,49.4,18.2,95.3,67.5,8.6,49.7
46,12.8,19.3,0.9,34.5,7.9,14.8,117.4,2.7,17.9,4.9,11.0,5.3,15.5,12.3,10.5,3.1,1.1,1.9,1.2,14.3,44.0,7.0,78.4,6.3,7.1,0.7,243.5,12.1,8.7,35.5,42.2,7.4,17.9
47,10.6,35.5,10.4,38.6,4.8,8.0,61.0,11.3,2.9,20.5,9.3,0.1,7.6,9.1,1.7,0.3,1.5,7.0,1.9,5.3,32.1,3.0,37.1,7.0,25.6,36.1,135.6,7.8,2.0,33.4,28.2,1.3,18.8
48,0.0,17.2,27.7,60.0,6.8,0.0,86.7,9.9,0.4,7.6,0.0,1.4,13.6,0.0,0.9,0.0,2.4,1.1,17.2,9.6,25.3,2.8,148.9,11.3,20.5,29.0,176.1,22.2,1.5,25.1,59.2,5.9,22.5
49,0.0,12.0,11.9,3.6,4.8,0.0,43.7,13.1,0.0,4.0,0.3,0.2,30.7,0.0,1.6,0.4,0.8,1.3,11.1,11.9,29.2,10.6,7.1,29.4,15.4,20.7,59.5,11.4,2.9,25.3,7.5,2.2,12.7
50,0.0,22.9,0.5,17.3,2.6,0.0,43.5,11.9,1.9,1.8,0.2,1.5,22.0,0.0,1.7,0.0,1.0,0.3,2.3,11.6,27.2,1.2,21.2,2.3,2.7,6.9,60.0,0.8,5.0,26.1,23.1,0.6,9.7
51,2.6,2.7,0.0,1.3,10.7,0.8,41.9,5.9,17.2,1.6,6.1,4.1,42.0,2.7,10.0,3.2,12.2,1.0,25.7,25.4,36.5,12.9,24.4,43.1,1.0,1.9,45.4,37.5,19.3,39.8,41.2,4.5,14.0
52,24.7,1.1,0.1,10.2,29.8,7.5,120.2,8.1,80.1,9.7,48.8,19.5,46.5,26.9,56.1,9.9,23.2,2.7,12.4,109.2,35.7,31.5,56.8,21.9,7.7,2.6,109.2,3.1,53.8,47.0,46.2,18.6,26.1
53,10.6,0.0,0.0,177.8,57.3,34.3,242.4,17.4,84.9,4.1,19.4,238.8,125.0,28.8,111.4,106.3,148.5,42.1,36.8,305.7,200.7,77.6,204.5,112.9,40.7,4.7,199.9,88.1,136.1,195.4,215.6,40.0,85.7
54,44.6,0.7,23.2,188.6,15.3,85.4,161.2,77.3,97.9,76.3,51.4,198.4,107.5,103.2,124.9,133.5,111.8,183.8,60.8,243.8,141.1,74.6,133.0,91.1,153.2,102.8,97.4,176.0,86.6,244.5,182.4,101.5,110.0
55,232.7,0.8,79.1,230.5,49.0,363.2,261.4,117.1,174.0,123.8,263.0,269.0,141.5,392.2,213.1,180.1,176.3,311.6,90.6,263.8,195.2,156.9,159.2,270.1,188.7,129.5,225.5,67.2,183.7,202.3,172.3,114.6,158.9
56,39.6,8.6,32.5,331.0,43.7,137.5,382.0,54.6,87.8,57.6,48.5,361.3,160.6,79.1,136.6,166.1,123.6,134.9,106.9,234.1,144.3,66.1,320.9,140.1,99.2,54.8,432.6,33.3,78.2,218.5,348.2,45.4,124.1
57,9.1,12.1,11.3,113.0,26.4,33.3,219.4,26.0,29.0,29.1,11.2,126.4,52.7,20.0,58.3,33.9,47.4,58.7,29.2,59.0,76.2,19.4,115.4,36.3,43.5,34.0,343.1,29.9,42.7,76.1,126.2,22.6,52.4
58,27.5,1.6,7.9,26.3,53.4,42.5,123.6,9.2,3.5,46.0,23.1,19.2,41.2,32.9,23.6,10.2,6.6,35.6,17.3,50.3,70.7,10.2,61.2,32.9,27.0,11.7,193.5,22.6,15.4,74.7,55.6,35.2,34.6
59,12.7,9.9,20.7,40.4,22.3,19.5,120.5,22.6,15.3,24.2,11.9,4.7,20.3,18.9,12.6,18.0,3.8,15.9,54.3,67.8,41.6,12.5,113.9,45.0,29.2,32.1,247.9,70.7,14.7,98.9,91.7,23.4,41.1
60,15.5,36.4,16.0,20.0,8.7,20.2,84.8,12.8,0.7,25.6,14.4,6.1,21.8,14.7,6.5,4.6,5.7,24.4,12.7,14.5,23.7,8.3,72.9,18.2,41.2,22.7,174.6,12.6,2.2,27.6,46.8,19.4,23.8
61,13.0,22.9,3.8,2.9,23.4,12.4,80.4,8.3,5.9,23.6,14.2,2.8,37.7,17.7,9.8,5.0,2.5,28.9,48.2,47.6,41.6,10.6,15.9,31.2,32.1,15.2,166.5,39.5,9.8,62.3,31.5,17.7,25.8
62,8.0,17.6,1.1,27.5,4.2,9.1,88.6,4.1,9.1,2.9,22.0,3.5,35.0,17.6,12.9,5.2,4.7,9.0,13.3,38.1,40.0,25.8,48.0,24.9,6.7,6.8,118.0,12.3,11.2,54.8,44.4,9.7,18.7
63,3.1,6.2,0.0,29.9,2.2,2.7,18.2,0.9,24.9,1.2,6.5,9.2,48.9,4.6,27.3,20.7,20.8,1.5,5.8,36.4,73.6,16.5,66.8,38.2,4.3,0.4,20.8,4.8,46.3,66.3,63.2,1.9,14.9
64,21.4,0.0,0.2,50.1,37.1,11.0,157.2,10.4,63.2,12.0,45.2,67.9,71.3,31.8,88.5,44.1,81.3,8.9,76.2,106.4,101.2,46.4,92.3,71.8,11.2,2.0,156.2,88.0,78.5,85.8,69.3,23.6,44.7
65,53.1,1.5,3.3,149.6,22.1,88.6,205.3,32.7,140.3,34.0,71.9,182.6,94.8,111.5,154.4,153.9,148.8,84.8,42.6,183.2,146.9,64.8,115.1,94.1,35.1,57.8,207.4,75.5,96.2,142.7,90.2,50.0,80.4
66,190.4,3.1,38.9,253.9,68.0,266.1,175.3,232.0,218.5,232.9,220.7,210.9,170.9,378.9,273.6,188.4,193.8,505.7,121.9,196.9,188.3,144.6,151.9,178.5,350.0,249.1,134.3,250.2,151.0,211.0,194.1,236.7,201.7
67,185.1,6.4,96.9,215.7,39.9,311.5,237.8,104.0,161.4,144.3,210.4,225.1,142.1,319.0,216.6,198.2,138.0,440.7,81.4,211.0,138.1,126.3,101.9,230.5,251.4,189.2,234.3,109.0,101.0,172.6,168.2,169.3,157.7
68,111.0,7.0,51.7,237.6,94.6,258.3,328.5,74.4,149.0,146.0,133.6,246.5,144.6,194.5,187.5,126.0,184.0,294.7,236.8,211.1,171.6,96.8,298.0,188.2,250.1,58.3,360.1,271.9,77.1,201.2,218.8,126.1,153.9
69,49.5,5.1,14.7,114.1,67.4,139.9,227.6,21.7,57.2,77.4,65.3,129.4,84.2,99.2,114.8,53.3,101.2,125.9,124.9,211.8,161.5,45.7,124.7,114.5,120.8,25.4,341.4,143.7,76.7,214.5,153.3,58.9,92.8
70,10.7,21.8,9.6,48.3,15.4,20.8,113.5,4.4,0.3,14.1,9.6,23.4,36.3,14.4,13.0,13.5,11.3,14.2,19.5,64.0,65.2,11.5,85.7,38.3,21.3,18.1,213.1,28.2,11.6,87.5,68.7,13.5,30.8
71,11.0,37.0,26.5,23.8,13.1,21.1,116.0,20.3,4.8,34.4,10.1,7.6,23.5,14.9,10.4,20.9,3.9,17.7,16.6,43.3,38.3,6.9,62.1,29.6,43.0,37.7,197.8,16.5,6.6,58.4,54.2,19.3,32.7
72,0.0,7.3,9.3,50.5,14.1,1.0,31.0,21.6,13.5,1.6,3.0,1.2,17.6,1.4,11.2,2.9,1.1,0.7,13.7,6.5,15.3,8.5,31.5,9.6,10.2,21.8,176.7,10.8,1.1,53.9,58.6,3.4,17.9
73,19.6,23.7,14.7,71.9,23.2,2.5,11.0,25.3,2.6,3.9,8.9,0.3,18.1,5.1,2.9,6.1,0.8,1.5,16.6,3.7,16.2,8.8,31.8,19.4,6.3,49.2,97.8,17.8,1.9,31.2,38.8,11.8,22.1
74,0.0,40.9,2.8,5.2,8.2,0.0,6.5,4.3,0.0,0.0,0.0,0.0,2.8,0.0,0.0,0.0,0.0,0.0,11.3,10.8,6.8,0.0,19.2,3.4,1.5,37.2,28.2,19.0,2.1,19.8,12.2,0.0,10.7
75,0.0,0.0,0.0,5.7,18.2,0.0,42.8,0.9,40.6,0.3,2.5,0.9,22.8,0.0,11.5,0.9,14.9,0.0,48.3,12.6,34.0,6.9,15.3,8.5,0.0,0.0,3.2,47.7,25.9,18.3,3.2,2.0,10.2
76,3.7,0.0,0.0,84.1,12.7,0.0,125.6,0.0,72.2,0.1,11.8,62.4,23.4,2.3,42.8,2.5,65.6,0.0,64.0,100.3,123.9,9.6,25.1,34.5,0.0,0.0,76.0,66.1,72.1,106.9,31.9,5.0,30.3
77,72.0,0.0,0.0,115.1,90.8,83.6,250.7,30.6,281.9,23.6,151.4,203.0,144.3,117.8,183.5,141.0,248.1,84.5,108.4,333.5,232.7,141.3,49.4,92.3,14.5,5.2,231.7,157.0,144.4,247.6,77.5,58.6,99.9
78,348.9,0.0,0.0,184.9,49.7,90.3,148.7,219.7,357.5,248.3,547.0,122.2,169.3,295.4,258.7,188.1,356.9,300.7,76.8,122.0,224.8,334.7,158.0,369.2,113.6,44.7,185.3,192.1,59.6,250.7,182.0,320.1,171.5
79,90.7,0.0,1.4,210.7,29.5,174.3,186.7,82.6,88.2,128.4,77.5,134.9,41.5,161.6,147.6,162.2,173.5,177.8,21.5,80.3,98.0,34.5,148.3,39.3,294.6,76.4,290.5,31.8,73.7,198.0,233.6,115.4,103.8
80,51.9,2.7,10.7,211.0,151.4,162.2,167.3,89.5,159.9,158.7,169.3,229.2,301.1,177.0,161.4,181.5,288.8,272.7,168.3,161.9,310.1,167.7,209.3,156.2,205.7,67.0,226.0,289.0,156.9,418.9,159.7,123.9,155.5
81,39.3,1.1,2.6,124.2,6.5,104.9,155.4,6.1,162.6,16.6,49.8,181.8,91.6,71.5,106.1,92.5,277.5,71.5,51.4,165.5,183.1,23.5,212.0,39.1,6.7,5.5,335.5,71.4,84.1,311.5,200.3,30.7,72.2
82,0.0,3.6,3.4,77.8,16.1,53.5,43.7,37.9,29.5,43.2,17.8,12.2,48.7,29.8,24.4,17.6,27.2,45.7,34.5,24.4,67.7,22.3,45.7,26.8,168.9,30.1,295.5,45.2,56.5,152.3,25.4,15.2,43.3
83,23.1,14.4,3.8,144.4,51.1,3.0,45.0,68.5,12.1,54.0,50.4,7.0,45.8,21.5,12.5,4.4,20.9,41.2,61.1,13.0,35.0,34.0,112.9,49.9,80.0,74.3,234.2,97.6,6.9,123.5,150.3,34.9,59.0
84,135.7,15.8,21.0,56.4,64.1,262.5,62.8,41.6,36.4,121.1,138.4,45.1,68.8,285.4,42.6,118.4,68.2,180.9,77.6,19.9,72.8,122.9,39.8,105.4,180.0,39.4,204.9,101.2,63.9,99.6,26.9,120.8,86.2
85,3.8,107.3,2.1,21.1,37.8,59.8,7.8,37.4,17.8,20.2,21.5,28.5,33.6,24.6,27.9,22.0,33.5,31.6,19.3,9.9,23.6,23.8,16.9,8.2,52.1,38.1,62.5,14.4,17.3,45.2,26.6,14.8,30.5
86,1.7,37.0,30.5,20.3,3.6,0.0,123.6,5.9,9.8,3.6,3.5,0.7,32.7,0.9,17.9,1.0,2.1,1.5,15.4,8.8,16.5,11.5,25.1,24.7,8.1,30.2,40.4,19.1,16.1,30.1,26.1,3.4,19.0
87,9.4,13.5,3.8,26.8,63.8,4.2,45.8,7.6,12.9,3.2,22.6,9.1,20.5,6.1,16.2,16.4,4.5,0.2,44.9,19.1,34.6,21.9,74.7,38.8,0.0,8.7,29.2,85.4,31.8,58.3,96.6,4.8,26.6
88,23.2,0.0,0.0,197.3,116.6,0.0,24.8,32.8,118.7,25.1,78.6,37.9,115.1,24.4,112.4,40.6,119.8,24.6,118.0,49.4,95.4,85.2,24.1,84.7,0.0,8.0,52.3,113.4,209.2,74.2,10.8,45.4,51.6
89,36.1,0.0,0.0,272.0,43.1,31.0,289.7,20.5,70.6,11.3,70.1,68.6,64.8,38.0,67.3,35.5,131.4,17.0,42.3,139.0,134.6,70.8,278.2,48.6,0.0,5.7,282.2,67.9,94.8,167.7,165.1,28.2,69.1
90,87.6,5.3,6.2,78.9,90.5,192.3,179.6,98.0,150.0,87.2,198.5,136.3,132.6,193.0,131.7,133.5,213.4,233.4,62.9,145.3,131.9,180.8,112.6,60.2,151.0,67.1,124.2,56.8,131.7,156.3,122.6,76.2,130.0
91,70.7,0.0,8.5,172.8,45.8,143.0,220.6,104.0,171.8,139.2,163.6,212.2,124.6,249.8,175.6,178.1,253.5,238.6,94.3,137.2,148.9,172.4,167.5,63.6,170.6,128.2,217.1,146.8,173.7,289.8,172.8,75.9,132.1
92,46.8,9.7,31.1,267.6,53.6,347.4,235.9,59.8,189.8,43.9,124.5,308.9,95.3,192.1,244.0,250.3,298.4,213.1,74.6,140.1,196.3,117.1,196.8,71.6,130.9,58.3,432.5,73.5,164.9,370.3,235.4,63.3,124.7
93,152.7,0.0,0.0,153.0,8.3,225.4,71.3,14.0,149.3,19.0,89.1,194.9,133.7,150.3,108.8,164.2,145.7,52.2,42.1,38.1,160.3,103.0,172.8,121.2,10.0,8.5,165.6,199.3,106.8,246.0,161.8,54.2,74.2
94,26.1,0.0,0.0,163.8,12.1,3.7,65.7,15.3,60.9,18.6,27.6,29.4,57.9,14.1,42.5,22.3,48.8,4.7,99.0,35.7,50.5,26.6,183.3,33.1,9.8,3.1,134.3,55.7,44.6,93.3,169.7,40.0,39.1
95,9.9,30.5,16.5,16.6,12.1,84.2,8.8,19.3,4.9,22.3,15.6,25.0,21.3,58.1,5.2,27.9,7.2,107.4,12.0,6.0,6.4,23.8,52.5,17.2,54.4,55.0,29.9,7.1,3.2,31.6,12.7,23.9,26.2
96,15.4,218.4,61.3,84.6,10.4,31.9,7.4,21.8,11.9,6.1,9.7,4.4,23.4,16.5,8.2,9.5,0.0,20.8,24.2,11.2,8.7,13.7,222.6,18.2,17.7,85.3,62.3,19.1,4.5,43.7,211.8,13.3,43.2
97,0.0,20.0,12.9,16.1,10.7,0.0,4.3,12.2,16.9,2.8,4.4,8.2,24.2,0.0,9.8,3.0,3.8,0.0,20.0,6.6,15.8,12.8,28.9,26.2,13.4,35.2,28.6,26.8,7.7,39.2,6.8,3.2,15.3
98,0.0,5.1,0.0,30.8,15.2,0.0,24.3,7.5,5.3,0.0,0.5,4.8,25.7,0.0,5.1,1.1,2.7,0.0,17.0,34.1,45.1,12.6,42.8,7.7,0.0,5.7,53.8,27.3,11.1,48.8,41.6,7.9,14.2
99,4.6,0.0,0.0,51.6,8.7,0.0,49.1,3.5,17.4,2.5,14.7,5.4,24.3,2.9,17.9,11.0,17.6,0.0,17.3,9.0,28.4,21.1,70.3,28.9,0.0,11.3,71.4,25.2,37.5,38.9,38.9,3.9,15.8
100,7.8,0.0,0.0,78.0,40.3,0.0,90.6,14.7,20.0,8.2,12.5,3.5,40.5,3.7,14.8,4.3,7.5,3.7,51.7,15.2,31.8,30.2,203.9,62.0,5.0,4.8,100.8,110.0,21.8,78.8,113.7,14.8,34.2
101,77.0,0.0,0.0,182.5,75.2,296.7,235.9,9.0,150.7,46.1,224.5,234.9,155.6,232.7,140.4,269.2,272.9,214.7,207.2,253.9,190.1,160.7,292.5,182.3,22.0,11.1,264.5,264.2,124.9,386.5,289.2,62.4,133.4
102,106.6,0.1,8.8,132.9,32.4,339.8,193.3,133.8,190.8,122.3,190.2,241.8,100.1,322.7,154.4,223.8,200.7,254.9,9.7,227.5,176.6,195.3,50.9,64.0,124.8,55.4,126.8,33.2,126.1,140.5,67.9,101.5,117.6
103,110.1,5.3,80.1,219.2,18.0,330.4,599.8,132.2,130.1,80.7,152.0,222.1,88.8,158.8,98.0,160.8,162.8,397.6,45.0,481.1,351.1,76.0,141.2,163.4,189.8,143.0,388.8,60.2,73.5,248.0,82.5,105.7,164.1
104,100.8,0.6,89.8,263.6,75.7,170.1,408.5,127.6,147.9,188.2,159.5,274.6,223.6,129.3,140.1,160.9,185.2,366.8,217.6,397.4,489.1,82.3,279.3,458.1,271.3,132.9,400.4,282.7,207.9,390.6,262.1,102.8,204.0
105,36.2,1.7,4.4,141.3,21.1,81.4,362.3,42.1,31.5,17.4,18.7,62.8,41.1,30.7,18.7,61.5,51.6,62.6,40.2,176.0,118.5,25.7,170.2,89.0,49.9,41.3,395.5,44.4,34.7,127.5,77.7,20.5,70.4
106,3.3,15.1,80.1,39.4,4.2,6.8,87.0,17.1,16.9,23.1,14.3,17.7,40.9,3.3,11.0,4.2,23.6,3.3,20.6,65.2,59.0,30.9,40.2,79.4,53.1,27.0,114.4,20.9,9.6,88.5,27.9,7.2,33.0
107,1.8,5.4,2.9,29.7,0.4,0.0,82.4,15.4,0.1,0.3,0.0,0.0,0.4,0.0,0.0,0.0,0.0,0.1,4.1,20.1,8.3,0.0,60.1,6.0,4.5,11.7,123.3,29.8,0.0,28.4,14.0,0.0,14.4
108,8.3,10.3,0.0,85.4,12.8,0.0,46.1,1.2,17.7,3.5,3.2,0.5,11.3,0.5,3.2,0.4,0.8,1.2,60.8,21.3,29.0,2.8,189.4,20.6,0.0,1.0,248.1,84.2,24.4,55.3,58.8,4.4,25.5
109,0.0,43.2,1.1,53.2,3.1,0.0,51.1,1.0,2.2,0.1,0.0,0.0,14.7,0.0,0.6,0.0,0.0,0.0,9.0,29.0,26.7,0.0,34.0,15.6,0.0,4.0,176.7,5.1,0.4,28.1,29.2,0.0,13.7
110,0.1,39.7,0.4,29.5,10.2,0.0,37.7,5.5,4.2,11.0,0.7,0.0,6.2,0.1,4.6,0.0,0.1,4.9,27.1,6.0,6.7,4.0,56.5,9.4,4.2,1.9,107.0,19.6,2.0,16.9,34.1,2.4,13.7
111,10.5,16.0,0.0,32.8,2.6,0.0,76.1,4.0,45.1,5.2,18.1,5.3,57.0,1.7,41.0,0.8,3.9,0.0,16.7,20.0,49.6,22.8,10.0,42.4,1.4,1.1,193.7,22.8,62.2,51.3,90.9,11.2,18.9
112,4.3,0.1,0.0,51.7,8.5,0.4,105.8,3.7,50.2,1.8,22.4,28.3,41.2,2.9,18.8,2.3,15.6,0.4,40.4,68.0,65.1,37.2,38.1,45.2,0.0,0.1,62.9,20.0,77.4,62.0,95.2,6.4,23.0
113,108.6,1.8,0.0,148.4,86.8,111.9,11.7,30.4,182.4,44.0,150.1,94.1,105.9,89.3,83.9,45.0,127.8,126.7,48.0,133.0,107.1,100.5,102.7,61.7,39.7,16.9,78.4,112.6,176.4,104.4,169.8,135.8,70.7
114,72.8,0.0,4.1,136.7,50.7,100.6,278.1,114.1,221.4,79.0,83.0,134.7,64.3,117.6,92.5,77.0,64.7,231.3,73.8,178.2,124.4,62.2,57.4,47.0,184.4,77.8,152.2,32.6,149.6,142.0,89.3,110.6,102.0
115,99.1,3.8,67.7,256.6,23.4,184.6,293.6,106.5,224.9,92.6,122.5,163.0,179.8,128.1,167.9,119.9,235.5,439.0,89.3,305.5,365.8,97.2,120.9,189.0,230.8,113.2,314.0,156.5,234.1,246.0,210.2,136.1,153.2
116,91.3,0.6,30.8,286.2,56.2,94.0,255.8,72.2,164.4,61.0,86.6,144.4,103.6,136.2,96.7,94.6,103.6,229.4,98.7,356.8,243.3,30.2,222.4,229.9,72.8,81.0,353.7,125.0,140.2,226.9,202.3,80.7,129.2
117,51.3,2.6,13.2,112.3,31.9,195.6,288.0,32.0,98.6,52.6,41.1,122.5,108.9,63.7,38.3,40.7,137.0,175.3,50.0,208.0,160.6,42.0,80.4,156.4,60.2,24.4,226.0,97.3,95.7,119.5,99.2,75.6,79.4
118,0.5,16.7,37.0,46.1,12.6,18.5,111.9,43.3,7.1,7.5,0.9,5.4,10.8,9.2,2.6,3.7,8.9,11.5,21.5,89.7,85.0,5.0,207.1,23.6,87.7,75.4,123.6,14.0,13.4,101.5,40.8,5.9,43.8
119,1.2,20.5,89.1,78.9,21.9,0.0,67.4,63.6,3.9,14.7,2.0,0.0,14.5,1.2,4.4,2.9,0.0,11.7,24.7,15.2,39.0,0.0,101.0,10.7,63.7,116.2,134.6,30.7,11.9,77.6,73.9,4.0,45.1
120,1.8,99.9,12.7,16.7,2.0,0.0,94.9,5.3,31.0,1.5,4.6,7.5,30.8,0.5,15.3,1.6,36.1,0.0,12.0,40.5,42.9,4.8,60.0,7.5,2.2,14.1,251.7,6.7,33.7,64.6,27.1,2.5,22.6
121,2.2,57.9,7.0,11.6,11.2,0.0,70.9,29.8,13.1,3.2,7.9,8.7,38.0,3.7,9.4,0.7,0.8,1.4,17.2,11.1,48.9,5.6,31.9,19.3,7.8,43.2,142.7,11.5,19.7,31.0,0.9,1.1,22.6
122,0.0,114.3,0.0,20.2,16.2,0.0,54.6,2.6,11.1,0.0,0.4,0.0,19.0,0.0,7.4,0.1,1.9,0.0,16.8,25.5,33.2,5.9,21.3,17.9,0.0,4.1,110.6,20.6,23.8,29.4,39.2,0.0,16.2
123,0.0,22.7,0.0,69.2,4.8,0.1,116.3,0.2,13.3,0.0,7.4,4.3,21.3,0.1,6.3,1.8,6.9,0.0,8.0,37.9,32.2,8.2,110.2,15.3,0.0,0.7,179.9,20.1,48.4,30.0,11.0,0.0,18.3
124,6.7,17.5,0.7,13.2,72.3,0.0,91.4,1.7,102.3,1.7,93.5,53.9,59.9,22.2,70.9,16.1,223.2,0.0,90.7,131.0,164.6,67.3,17.6,78.5,0.0,0.0,32.3,50.6,158.5,59.4,20.7,13.9,38.6
125,78.8,5.0,0.0,245.7,12.7,115.2,316.6,29.6,159.9,39.3,91.2,133.1,59.2,89.8,103.6,92.2,226.7,98.3,59.2,203.4,223.3,97.2,254.4,104.6,10.9,1.3,436.1,65.5,170.6,174.6,134.4,82.4,89.1
126,120.0,0.3,8.3,141.8,42.2,73.1,311.8,79.4,154.6,87.9,112.2,137.1,98.6,109.1,117.6,124.7,127.1,392.0,46.4,308.8,342.8,29.8,167.0,104.1,131.3,55.1,463.7,63.3,115.4,303.9,128.7,121.8,122.5
127,150.7,0.5,25.4,180.7,48.2,237.1,375.4,78.5,191.2,97.6,162.9,218.4,164.4,161.8,137.4,164.2,232.1,380.6,197.8,675.3,518.2,181.6,73.6,260.9,185.8,101.9,405.3,233.6,270.0,285.3,111.6,176.1,179.4
128,92.7,1.0,91.0,413.4,80.9,104.0,286.4,94.6,100.4,75.8,72.8,171.1,63.6,100.7,74.8,92.4,105.9,197.8,54.1,132.0,282.3,112.8,420.0,61.7,149.5,76.0,518.0,86.1,97.8,168.0,182.0,82.4,127.4
129,0.4,0.0,0.0,382.3,23.6,48.7,199.0,7.0,51.0,2.1,9.7,58.0,112.0,7.4,27.4,20.6,54.5,1.2,23.2,210.2,263.9,9.8,210.3,61.8,0.7,9.4,467.1,65.2,65.4,171.0,118.0,0.7,66.5
130,3.3,1.6,5.8,103.1,24.5,28.1,101.2,9.1,64.2,1.4,13.3,25.5,60.5,5.9,27.7,21.0,46.7,8.1,37.1,78.3,111.2,21.1,65.9,36.0,1.3,17.6,166.5,66.2,63.8,88.3,77.9,3.8,35.4
131,5.5,8.3,4.4,41.6,12.8,17.8,86.1,9.6,69.1,7.1,22.9,46.0,28.0,11.8,13.6,35.4,54.5,12.3,18.4,68.5,71.5,23.7,82.2,22.0,1.3,3.7,193.0,33.9,65.0,69.0,58.4,14.5,28.2
132,0.0,22.6,0.1,25.3,1.0,0.0,22.5,3.5,0.3,1.8,0.0,0.0,0.4,0.0,0.0,0.0,0.0,0.0,3.4,1.9,7.3,0.0,30.6,0.9,0.7,0.0,70.1,0.6,0.0,12.9,21.5,0.0,5.9
133,1.4,19.1,0.6,14.5,1.6,0.2,16.7,2.8,0.4,0.9,0.0,0.0,3.8,0.3,0.4,0.0,0.0,0.1,2.6,9.8,19.9,0.0,19.1,6.2,0.5,2.6,49.7,1.0,0.5,23.3,12.1,2.6,6.0
134,0.0,40.6,0.0,19.0,0.2,0.0,17.9,0.0,2.3,0.0,0.8,0.0,11.1,0.1,2.3,0.3,8.5,0.2,2.4,6.9,25.8,0.7,55.1,9.6,0.0,0.2,61.5,8.1,3.8,33.7,41.7,0.0,8.5
135,6.4,2.8,0.0,67.0,19.1,0.0,56.7,0.9,30.7,4.6,1.7,3.5,12.2,2.7,19.9,3.2,4.5,2.2,8.3,23.9,35.8,1.0,146.0,6.6,1.1,0.2,109.0,5.4,24.7,30.3,32.9,6.2,15.9
136,2.9,0.0,0.0,83.3,43.3,3.8,76.9,0.3,24.0,5.3,10.0,50.1,5.8,13.4,25.0,14.7,34.9,1.1,13.5,55.2,34.7,9.9,114.7,21.3,0.0,0.3,63.3,10.6,67.2,48.4,46.9,7.6,23.4
137,50.3,0.0,0.3,227.5,18.1,185.0,268.0,75.9,133.6,67.1,74.2,256.0,102.4,115.2,91.4,131.0,228.5,116.2,33.8,256.0,310.6,61.7,134.6,153.3,29.5,13.2,248.4,46.7,155.0,259.3,135.0,97.1,105.5
138,39.1,3.4,6.0,159.0,33.1,161.9,264.6,88.2,109.0,61.5,88.5,195.9,57.4,98.8,96.7,113.4,168.2,260.2,14.5,318.8,256.6,66.3,91.8,20.4,206.1,142.1,232.6,5.9,115.6,197.8,124.4,74.9,112.9
139,87.2,0.3,73.0,241.4,108.1,303.0,237.6,153.5,114.7,153.4,173.2,203.3,126.6,149.4,93.0,141.8,230.6,237.7,187.4,310.4,419.1,51.5,172.8,255.8,246.0,89.6,217.1,185.8,137.4,284.7,82.2,107.3,165.9
140,130.7,0.7,74.2,169.0,49.6,84.1,273.2,76.8,134.8,85.2,165.7,151.7,138.2,134.3,159.4,113.7,109.9,238.3,48.0,171.8,244.5,136.0,80.3,212.7,131.6,64.1,262.1,109.6,161.7,199.8,73.4,103.9,114.9
141,58.7,20.5,0.8,170.2,42.3,159.4,168.0,7.3,52.1,50.9,51.0,132.6,62.5,77.3,64.3,109.2,89.6,86.4,89.5,114.4,144.4,39.3,158.5,63.0,20.3,8.0,307.4,60.3,41.4,84.4,107.0,72.5,66.8
142,2.8,16.0,4.7,57.6,9.4,6.3,73.9,30.7,0.3,9.3,0.5,4.3,13.1,6.5,1.5,3.9,0.0,29.7,7.2,43.4,88.3,0.0,92.6,9.3,40.0,6.7,203.8,18.5,0.0,82.5,16.9,10.2,26.5
143,0.1,11.6,0.2,36.5,2.6,2.9,46.4,0.0,17.7,2.3,1.4,3.3,6.5,0.0,5.8,1.5,15.3,0.0,2.7,10.6,29.4,0.9,36.0,23.7,0.1,0.0,171.2,12.8,19.6,47.2,53.9,0.0,12.2
144,20.8,47.3,19.0,33.9,7.7,0.8,17.0,7.8,1.3,27.1,2.6,0.1,7.8,5.2,2.0,2.8,0.3,49.4,9.8,12.6,8.0,1.1,45.1,11.8,30.9,3.2,124.3,6.4,9.0,36.8,18.6,30.2,16.8
145,13.9,10.3,0.4,63.7,24.5,0.0,39.7,7.8,1.7,6.2,1.4,0.0,7.3,1.8,1.0,0.2,0.3,15.3,12.6,8.7,28.4,0.0,73.1,11.8,1.0,8.2,159.5,12.1,1.2,28.3,20.3,9.8,15.8
146,17.5,0.0,0.0,21.9,61.3,9.5,14.4,12.4,33.2,15.0,28.8,7.3,62.8,17.7,19.9,7.2,13.0,7.2,90.3,17.6,81.6,15.7,24.4,73.2,3.5,3.2,40.6,124.6,42.5,61.6,8.5,13.0,28.3
147,27.6,4.8,2.5,51.2,31.5,1.3,37.3,32.8,60.2,22.5,42.7,8.8,78.9,26.7,25.3,10.2,53.5,26.6,95.7,34.6,60.3,53.8,53.7,85.3,33.6,11.6,84.3,125.0,100.0,80.4,52.6,20.1,38.5
148,10.8,0.1,1.0,89.2,66.2,4.2,62.4,24.2,63.0,19.2,28.8,21.0,90.3,21.0,33.7,12.8,32.4,4.2,63.5,33.7,82.0,42.2,34.3,63.5,7.0,11.2,154.3,80.7,89.3,109.6,75.2,23.6,39.6
149,44.5,0.9,1.1,114.1,77.2,45.3,198.8,37.9,84.3,50.6,82.5,141.6,69.5,111.4,93.6,70.5,106.2,127.0,40.1,141.1,96.2,38.4,174.1,91.2,32.4,7.2,162.4,83.3,71.1,142.2,101.4,62.3,75.0
150,58.4,0.2,15.7,213.5,25.9,155.5,181.5,97.8,204.9,82.5,109.4,152.9,42.8,136.5,129.7,111.8,131.2,275.0,14.4,213.9,321.3,261.3,84.0,86.0,116.9,59.9,177.5,15.7,75.3,245.2,130.9,99.6,105.6
151,41.9,0.0,64.8,263.9,17.3,116.0,180.6,110.1,139.4,56.5,101.4,105.2,51.9,107.0,96.3,109.0,99.7,389.9,17.3,124.3,183.0,34.0,124.1,63.2,148.7,134.0,219.8,30.4,99.9,177.1,119.0,63.8,103.3
152,26.6,55.4,133.6,204.4,43.2,137.4,339.8,68.3,114.6,65.9,35.1,169.7,64.0,76.2,86.9,60.2,125.0,149.7,80.6,243.0,267.7,22.9,249.5,82.1,160.6,56.4,340.4,92.5,117.7,254.6,105.6,38.8,115.7
153,45.9,0.2,0.5,143.6,35.0,125.8,183.3,5.9,52.7,12.6,45.5,179.3,85.4,50.9,35.8,52.2,104.4,71.3,96.2,287.8,190.8,21.7,121.6,173.4,24.6,3.4,269.8,199.4,72.5,205.4,113.8,34.2,77.1
154,14.2,15.5,18.7,144.3,17.8,87.1,181.6,20.7,15.4,21.8,11.5,28.0,19.5,25.2,11.6,20.5,27.8,84.8,22.7,151.9,77.5,5.4,234.7,18.0,64.8,37.5,308.4,27.8,32.6,174.0,65.4,23.2,51.5
155,0.5,47.8,10.6,68.0,9.6,9.3,39.3,29.7,7.3,13.3,0.1,9.8,5.4,0.4,4.6,1.3,12.7,13.2,4.4,17.5,26.4,0.2,46.8,4.8,46.6,59.8,93.4,10.7,9.8,35.1,23.3,5.5,24.9
156,0.0,22.3,0.2,30.8,3.2,0.1,14.0,0.1,9.3,0.2,0.9,0.0,17.9,0.1,6.3,0.2,1.6,0.8,1.9,33.8,24.3,1.3,167.0,10.6,0.0,0.0,73.8,2.1,4.4,35.7,45.4,0.3,12.2
157,1.0,148.1,8.0,9.5,5.2,0.0,9.0,11.8,0.0,5.3,1.1,0.0,4.0,0.6,0.0,0.5,0.0,21.1,15.9,1.1,6.6,0.4,15.0,8.7,18.0,33.0,22.5,28.5,0.0,9.2,17.1,3.2,16.0
158,0.0,60.9,1.2,7.9,18.1,0.0,3.9,6.8,0.2,0.1,0.3,0.1,18.8,0.0,0.0,0.4,0.0,0.0,23.9,25.7,18.9,0.1,18.0,18.5,2.8,10.3,7.8,27.9,0.0,47.4,19.7,0.0,12.8
159,0.0,26.2,0.0,2.4,0.2,0.0,5.6,0.0,5.9,0.4,0.1,0.0,6.7,0.0,2.0,0.0,0.6,0.1,2.9,27.9,19.7,0.0,39.4,9.7,0.1,0.3,17.0,4.7,5.8,28.9,42.2,0.0,6.4
160,1.3,21.0,0.0,38.9,0.6,0.1,14.1,0.1,6.3,0.0,0.7,2.6,1.1,0.2,3.0,0.3,1.7,0.0,0.9,0.7,2.1,0.5,79.7,9.7,0.0,0.0,0.0,10.4,4.6,6.6,81.8,0.5,7.6
161,85.5,0.2,1.1,122.0,32.8,90.9,246.8,16.2,72.4,25.0,98.0,110.2,62.4,93.5,81.5,103.0,162.2,98.2,31.0,147.0,120.7,73.3,192.0,69.2,11.3,20.9,153.4,35.9,92.1,102.5,121.7,67.3,68.9
162,66.6,2.7,24.1,250.7,10.3,170.0,278.9,80.1,101.1,69.4,131.1,232.5,71.8,179.2,86.8,178.6,167.5,354.9,24.0,377.0,362.5,39.1,229.7,114.7,151.0,104.3,366.7,29.4,80.9,323.7,141.6,99.8,138.7
163,114.5,4.7,84.4,187.2,144.3,183.0,274.7,80.9,202.1,100.0,189.5,167.3,91.6,185.2,119.0,171.2,240.0,359.6,84.0,198.4,234.9,116.9,210.9,93.7,190.1,97.2,257.3,80.1,169.4,199.1,152.3,146.1,139.2
164,76.4,2.2,109.1,218.0,56.1,415.7,355.1,36.4,257.3,37.5,214.7,266.0,269.1,211.1,183.9,209.7,344.8,416.2,129.8,543.5,456.2,176.7,174.5,241.5,211.3,55.5,328.5,251.1,272.4,373.4,174.7,109.6,172.5
165,13.3,4.4,12.0,196.0,38.0,82.7,278.8,27.0,110.2,27.2,77.2,130.2,161.9,47.5,74.9,66.0,125.9,155.4,67.7,352.6,475.9,80.9,403.6,172.2,27.7,16.4,427.9,140.1,77.8,363.6,147.1,35.1,112.0
166,0.1,13.2,0.4,178.1,14.8,4.1,144.0,10.6,22.9,4.5,10.4,14.0,48.8,3.1,15.3,7.0,22.0,6.0,37.4,100.2,146.2,15.7,164.8,70.7,2.5,6.5,190.1,78.1,17.5,201.0,101.1,10.1,43.6
167,0.0,12.5,0.1,49.6,2.6,0.0,37.5,1.3,0.3,0.0,0.0,0.3,5.0,0.0,0.3,0.0,0.0,0.2,2.4,13.1,26.7,0.0,54.7,6.9,0.0,2.3,111.1,8.0,0.0,61.6,12.7,0.0,11.1
168,0.0,15.3,0.0,12.9,0.1,0.0,37.0,0.0,2.0,0.0,0.0,0.0,2.0,0.0,0.1,0.3,0.0,0.0,0.0,17.1,15.4,0.0,78.7,1.4,0.0,0.0,83.5,1.5,0.7,41.2,16.1,0.0,8.4
169,0.0,15.0,0.0,29.1,0.0,0.2,49.5,0.0,1.7,0.0,0.0,0.2,11.0,1.8,1.6,1.3,0.2,0.0,1.5,14.6,26.5,0.0,33.8,6.8,0.0,0.1,74.0,3.4,4.2,30.7,13.2,0.4,8.2
170,0.1,19.9,0.3,4.5,23.0,0.0,31.8,3.3,7.5,0.2,0.9,0.6,11.1,0.1,5.8,1.1,2.9,0.0,24.8,8.8,20.3,1.0,18.6,20.7,1.4,1.3,33.7,47.2,17.2,23.1,41.6,0.7,11.7
171,7.0,36.7,0.8,8.7,17.8,0.0,59.4,3.5,17.8,0.2,2.2,2.8,12.9,0.3,7.8,0.7,14.8,0.0,20.5,34.4,41.1,3.2,25.9,3.7,0.9,2.9,74.1,12.2,34.4,38.0,15.9,2.2,14.0
172,2.4,0.0,0.0,84.1,39.3,1.3,116.0,2.9,26.1,4.7,14.6,21.5,24.4,6.8,18.1,26.6,19.1,0.8,43.0,26.3,42.5,12.7,35.1,26.2,0.0,0.0,36.0,46.2,41.9,58.5,86.2,8.3,25.1
173,59.6,1.5,2.3,268.9,121.5,199.5,369.6,30.0,67.9,96.3,93.0,186.3,68.0,169.8,82.8,165.2,200.3,268.6,106.2,392.4,304.3,24.4,174.2,49.7,83.1,20.2,205.4,96.7,113.6,185.9,198.4,103.5,126.4
174,108.2,0.1,8.0,245.8,30.9,124.2,244.0,73.1,155.0,83.6,171.0,191.6,199.1,190.5,116.2,176.0,249.1,390.6,81.7,377.1,334.0,84.7,242.0,236.1,191.6,103.6,238.4,184.2,195.4,370.4,188.1,131.5,154.5
175,52.2,1.6,26.0,178.6,84.9,214.2,332.7,76.8,204.0,46.4,107.9,233.5,111.0,179.8,172.9,219.1,308.4,361.7,56.1,306.6,364.0,74.2,215.5,58.1,157.8,79.5,281.7,67.5,204.2,234.7,161.9,90.4,138.0
176,66.8,4.3,22.3,264.8,10.0,483.0,407.7,44.1,87.5,33.1,41.7,233.6,161.4,102.4,78.6,98.9,196.6,242.9,79.5,490.6,462.3,33.8,220.7,175.8,91.3,45.1,573.2,175.3,108.9,471.0,158.7,63.6,150.1
177,7.0,0.0,0.0,238.0,13.7,46.2,330.7,2.1,100.3,1.9,5.2,78.5,111.2,35.0,65.0,44.1,136.1,95.7,26.9,182.3,414.9,11.9,183.4,33.4,27.0,10.5,594.3,54.7,165.1,276.5,253.8,10.2,80.7
178,0.0,0.0,0.0,61.2,0.2,1.6,46.6,1.3,3.6,5.8,0.2,2.3,21.5,5.3,6.0,2.0,7.2,1.2,2.0,47.0,75.7,3.1,147.8,10.1,0.9,0.0,141.9,10.8,6.3,113.8,26.1,2.2,18.6
179,0.0,4.5,0.0,61.8,2.6,0.0,53.3,1.8,2.4,2.9,2.7,0.4,6.8,0.4,2.3,4.5,0.8,0.0,9.2,63.8,37.7,2.3,70.8,10.5,0.7,2.1,139.9,15.4,2.3,85.8,60.1,3.1,18.4
180,0.0,2.7,0.0,17.0,0.5,0.0,42.7,0.3,0.0,0.0,0.0,0.0,7.4,0.0,0.1,0.0,0.0,0.0,7.8,19.9,39.0,0.0,72.4,12.5,0.0,0.1,117.5,25.9,0.0,48.6,11.5,0.0,11.6
181,0.1,48.9,0.3,8.0,15.8,0.0,37.3,0.1,0.9,0.4,0.0,0.0,6.4,0.4,3.9,1.6,0.0,0.0,13.5,13.0,54.6,0.9,6.4,4.0,0.0,0.6,83.6,15.6,0.2,31.7,11.0,2.8,11.4
182,0.0,16.4,5.2,25.0,18.5,0.0,12.7,4.2,10.5,0.1,1.2,0.4,20.5,0.1,7.8,0.7,0.0,0.0,8.7,41.9,26.7,0.2,7.6,21.4,1.4,20.8,15.4,50.2,6.7,39.9,29.7,0.0,14.3
183,0.0,6.6,0.0,7.6,9.6,0.0,38.9,0.6,11.5,2.5,0.3,0.5,42.5,0.2,7.8,0.3,0.7,0.0,18.6,45.6,135.7,2.3,6.6,26.2,0.0,0.0,49.9,31.0,24.2,72.4,22.0,1.1,14.7
184,82.1,0.1,0.2,115.2,29.2,6.7,360.8,6.8,106.6,20.5,76.7,70.9,57.0,37.0,84.5,69.7,123.5,12.6,74.9,225.9,185.0,37.1,107.2,74.6,0.7,2.5,298.0,58.0,112.2,193.0,42.7,41.0,68.9
185,119.8,3.3,3.0,240.3,88.4,140.5,297.4,75.2,181.0,80.2,139.7,161.9,140.0,166.7,176.0,187.8,249.8,268.3,52.0,306.8,419.8,105.2,203.9,146.8,113.1,48.3,316.2,166.3,182.7,298.7,193.3,146.2,140.4
186,81.1,0.0,7.3,157.9,16.9,105.9,213.6,67.2,120.5,61.1,111.8,175.3,57.6,123.2,100.1,183.0,95.0,296.3,9.9,178.5,212.9,53.1,43.4,18.4,158.8,75.4,147.5,19.8,66.6,213.4,99.5,95.3,99.1
187,78.8,1.2,32.3,300.9,25.9,154.5,335.6,39.1,163.4,60.7,653.3,124.1,107.0,121.7,125.5,149.6,241.2,238.7,39.8,378.8,364.7,83.8,317.1,120.4,151.0,60.2,333.8,128.9,107.5,377.3,164.3,99.7,130.0
188,28.9,1.1,30.8,257.2,48.1,276.2,401.4,24.4,99.8,48.0,65.1,232.1,77.8,114.8,99.3,122.5,156.1,228.6,75.8,244.7,245.2,58.4,284.0,103.9,104.6,39.6,434.3,67.5,64.2,288.5,124.4,42.4,124.6
189,16.4,11.4,18.6,174.2,82.9,61.4,219.4,61.4,54.6,36.3,23.7,49.9,36.2,56.8,52.5,62.6,69.4,78.5,123.3,106.2,139.3,16.3,226.9,61.8,117.2,88.0,330.8,179.3,43.3,157.1,96.0,41.9,92.2
190,1.2,2.8,6.8,74.1,42.9,7.5,132.5,26.7,12.3,8.3,4.9,1.1,23.7,2.0,9.1,12.4,4.1,2.1,19.8,80.8,74.5,15.4,60.3,38.3,43.9,16.7,215.7,50.8,14.4,128.0,36.9,3.6,37.3
191,9.3,1.3,0.7,29.0,9.4,7.0,77.8,0.6,1.8,1.0,3.8,0.7,15.0,9.3,1.2,7.2,1.3,24.3,8.9,35.0,85.7,0.0,110.7,17.3,1.2,0.1,168.5,44.1,5.4,99.7,12.3,18.8,20.7
192,0.5,57.2,1.9,14.7,15.0,3.5,23.0,9.4,2.3,1.6,4.9,2.3,9.1,2.4,4.6,3.1,3.9,2.3,14.0,14.8,23.4,1.0,31.9,14.6,5.0,21.8,57.4,13.2,0.3,56.3,10.5,1.4,14.8
193,0.5,56.1,0.2,93.5,10.2,0.0,107.5,18.1,8.5,0.4,2.6,0.1,34.1,2.2,6.2,4.2,0.8,1.4,16.6,33.0,40.8,10.3,17.2,12.2,12.1,10.1,245.5,24.5,7.0,53.6,38.6,1.1,24.2
194,17.8,17.6,4.3,4.1,24.7,16.6,22.1,5.5,8.5,11.6,6.6,24.4,15.0,9.4,16.3,13.3,20.9,26.1,22.0,41.6,43.7,3.7,40.6,14.1,24.0,5.0,32.3,19.9,7.7,62.8,10.8,14.1,18.0
195,16.7,22.1,2.2,35.6,16.5,0.0,100.9,5.9,55.9,11.9,17.8,12.7,25.9,4.1,40.5,24.9,20.4,0.0,25.8,25.6,63.4,15.9,38.9,27.8,0.0,7.8,10.8,54.4,34.0,60.6,30.3,15.8,23.7
196,17.2,0.3,0.4,116.0,22.8,2.9,276.0,11.4,58.0,8.8,44.4,52.1,57.1,25.7,55.1,73.0,54.3,0.0,41.4,121.9,75.8,34.9,302.9,56.8,1.1,2.2,163.0,45.7,86.7,162.2,57.7,29.2,53.2
197,64.6,0.0,0.1,225.9,26.2,71.5,169.3,34.7,148.8,27.6,161.4,161.7,73.0,129.2,143.7,157.5,226.6,117.4,57.6,286.0,207.4,111.2,39.8,96.6,42.0,20.3,123.1,82.7,149.4,205.6,82.0,74.2,89.9
198,80.7,2.5,14.0,237.6,23.4,158.5,285.5,110.2,162.0,70.7,162.2,275.7,109.5,180.6,146.8,221.1,225.1,276.7,41.2,328.4,221.9,124.8,75.0,68.0,155.4,93.1,186.3,59.4,150.0,236.2,143.0,118.0,135.1
199,93.5,0.0,28.4,182.0,40.9,255.9,346.9,79.1,162.1,61.3,177.7,174.0,95.4,175.6,153.3,193.8,247.2,334.6,61.0,313.7,239.6,122.6,317.2,120.7,148.8,59.3,318.0,132.1,78.7,323.6,151.3,126.5,139.2
200,93.8,1.3,94.6,157.2,81.9,140.0,426.1,32.6,163.0,32.6,89.7,264.1,138.4,99.3,135.0,139.3,253.1,230.9,213.0,318.1,282.8,65.1,216.9,190.3,108.8,107.0,395.4,207.9,122.2,327.2,148.5,88.0,146.2
201,9.4,43.9,10.6,230.9,12.7,66.4,279.7,7.0,43.7,16.9,42.3,50.0,79.7,35.8,34.2,54.2,55.9,28.5,41.0,200.4,163.8,48.0,233.1,63.9,20.2,10.4,468.3,28.2,26.1,328.7,114.5,14.9,74.0
202,1.1,10.4,1.5,79.1,17.8,0.0,94.4,6.1,7.3,2.8,7.0,0.6,12.2,2.5,6.3,6.0,0.3,0.6,49.6,22.0,47.1,48.0,88.9,35.6,2.4,0.5,199.5,75.2,2.4,103.7,40.6,2.2,24.4
203,3.4,17.6,0.6,111.4,13.0,0.0,138.5,2.9,3.5,4.8,0.6,10.7,1.8,3.9,0.9,3.0,3.1,6.9,6.9,32.1,30.3,9.5,147.8,4.1,8.8,5.5,251.8,12.9,14.8,60.2,49.9,5.4,23.4
204,22.5,8.4,0.8,68.8,1.1,22.6,62.1,9.6,8.5,2.1,35.5,16.9,17.9,13.9,12.5,22.0,0.9,1.4,2.3,10.5,29.0,15.0,19.5,16.0,6.3,7.3,159.3,4.6,6.2,32.4,24.7,5.8,14.0
205,32.5,2.0,6.7,111.1,6.3,25.0,132.6,18.7,2.8,13.7,20.1,6.0,7.8,18.7,6.8,12.7,4.1,59.8,5.9,13.8,31.3,11.3,132.6,12.1,18.3,20.2,308.7,8.5,3.0,45.0,89.3,38.4,29.6
206,0.1,15.0,0.1,11.8,1.5,0.0,45.0,2.8,15.3,0.0,2.9,0.7,7.8,0.0,9.1,3.5,3.6,0.0,10.1,7.5,19.2,1.2,66.2,5.5,0.0,0.8,118.2,9.5,9.6,29.2,22.8,0.1,7.8
207,1.3,8.1,0.0,9.0,20.7,0.0,58.1,1.6,32.7,3.1,7.0,1.7,23.7,1.6,26.8,6.2,5.1,0.0,11.7,4.0,21.4,28.5,10.2,9.1,0.2,0.0,24.4,23.4,21.0,19.6,6.6,3.4,8.6
208,31.5,0.0,0.0,93.8,42.1,4.2,129.8,8.1,24.1,15.1,19.4,39.9,21.2,20.8,21.8,37.5,0.0,0.7,20.0,34.6,53.0,13.7,93.9,30.3,0.0,0.0,77.1,26.4,29.5,44.4,57.0,20.7,31.2
209,50.8,0.0,0.0,173.7,35.4,79.4,302.6,19.7,88.1,31.7,90.5,153.7,85.9,109.6,86.0,146.1,152.0,37.7,55.6,322.9,217.6,63.6,278.3,112.5,1.8,1.0,326.1,95.4,101.8,308.9,185.2,72.5,102.1
210,179.6,0.0,14.3,211.1,97.4,180.3,244.7,126.1,190.6,78.1,254.4,166.2,59.0,226.0,151.1,215.4,109.8,263.8,130.6,289.6,247.2,118.9,76.6,148.2,112.9,56.1,65.7,100.8,98.1,241.8,76.0,134.3,135.5
211,112.1,0.0,14.9,225.9,16.6,165.4,229.1,86.5,102.6,94.2,122.7,104.9,50.6,141.6,87.9,157.7,86.4,201.0,29.1,220.8,141.6,73.7,110.4,49.6,136.2,65.7,170.9,45.1,74.5,180.8,85.7,121.5,99.2
212,112.5,6.7,28.0,484.3,70.2,229.2,437.1,36.6,191.0,83.0,166.6,321.2,206.3,166.9,191.1,176.5,303.6,335.1,310.4,309.0,273.9,108.4,256.9,234.6,169.2,41.5,362.4,244.0,194.4,209.0,297.8,107.8,168.3
213,51.3,0.3,7.2,122.5,113.8,174.0,221.5,22.3,88.4,34.3,49.6,67.2,83.2,61.6,72.9,84.1,90.2,115.6,114.9,146.8,172.9,73.5,164.2,126.7,25.1,1.9,168.7,174.5,73.1,201.4,82.2,58.4,81.7
214,19.2,10.5,13.5,72.3,17.6,76.4,158.9,2.7,23.4,23.7,41.5,123.1,44.7,31.0,37.2,77.4,29.5,26.7,11.9,116.1,61.3,32.1,227.1,38.9,7.6,7.6,361.5,66.3,13.5,141.6,22.0,18.6,44.1
215,0.0,34.3,7.0,51.1,2.6,0.1,66.5,18.9,0.7,0.3,0.3,0.1,7.8,0.5,0.3,2.1,0.0,2.2,1.4,20.8,12.3,1.2,101.8,9.7,11.7,26.2,154.2,1.2,0.1,41.5,27.9,0.1,16.8
216,4.9,2.1,2.1,8.8,8.8,0.7,23.9,6.8,0.3,7.0,15.0,0.3,15.0,2.7,2.1,10.7,0.0,0.2,26.6,42.6,33.8,6.4,31.6,25.3,0.6,0.7,78.4,14.5,0.0,56.6,5.1,3.1,13.0
217,1.2,14.3,14.3,17.0,17.0,0.0,13.5,28.8,1.5,11.7,3.0,0.0,7.2,1.6,0.7,0.9,0.0,8.5,7.7,9.5,8.0,0.2,108.3,7.2,23.4,37.5,36.3,12.5,0.0,13.4,11.1,5.3,18.9
218,0.0,1.5,1.5,9.7,9.7,0.5,35.6,0.8,14.0,0.1,0.1,1.4,4.1,0.1,5.0,0.4,6.1,0.0,13.8,17.0,14.9,0.3,41.0,7.2,1.3,6.1,64.7,23.7,10.3,21.5,56.2,0.0,12.5
219,0.7,0.2,0.2,7.3,7.3,0.0,26.5,3.4,16.8,2.0,2.1,1.5,21.3,0.4,14.5,9.9,0.8,0.0,18.1,9.8,34.3,9.0,26.6,20.3,1.3,2.0,22.6,18.6,34.6,34.1,28.7,1.3,10.1
220,10.2,0.0,0.0,56.4,56.4,2.9,145.4,11.0,17.0,10.8,31.1,16.7,32.9,11.4,17.6,18.8,24.2,0.0,68.3,39.2,64.8,18.4,67.0,39.3,0.3,2.2,120.9,38.5,56.8,59.7,40.0,13.2,34.3
221,88.3,0.0,0.0,45.7,45.7,190.0,314.6,36.4,194.7,61.5,141.3,251.0,106.9,150.9,154.7,143.9,260.2,85.8,79.4,346.6,233.5,98.1,346.5,60.7,16.8,10.0,217.4,89.0,176.3,208.7,175.8,100.3,115.0
222,178.9,18.5,18.5,95.3,95.3,125.8,232.9,94.1,146.4,101.2,236.1,195.4,89.5,192.5,130.7,212.0,127.2,212.9,68.7,256.3,201.7,151.9,154.1,135.0,129.8,69.5,143.5,112.2,59.1,256.4,122.5,136.1,133.8
223,112.7,161.5,161.5,42.1,42.1,153.1,309.8,73.8,146.2,64.2,174.4,192.7,96.7,134.4,141.8,187.7,206.1,244.7,80.2,178.1,283.5,173.5,169.5,124.3,147.9,85.9,270.5,105.2,101.5,213.2,132.4,106.1,133.7
224,130.4,122.6,122.6,117.8,117.8,183.1,371.5,47.7,163.5,129.4,242.4,237.8,151.6,171.0,161.0,210.0,326.0,413.7,228.1,303.4,431.8,273.8,194.7,253.0,180.4,68.9,234.9,259.3,108.0,380.2,99.3,132.7,172.8
225,38.5,7.6,7.6,84.5,84.5,221.0,253.4,67.6,56.2,46.9,68.5,135.1,77.3,66.0,65.4,67.8,128.4,53.1,140.3,186.6,202.5,69.0,238.9,168.7,26.7,20.5,331.0,176.0,59.5,232.9,111.9,46.5,107.7
226,1.4,1.6,1.6,5.2,5.2,0.0,155.4,4.4,11.3,1.7,7.3,8.2,19.0,4.9,14.5,10.2,20.6,0.0,17.7,67.0,60.1,2.6,127.9,24.6,2.4,5.3,436.5,18.7,10.4,149.4,52.2,1.5,33.8
227,0.0,1.9,1.9,1.9,1.9,0.0,53.1,0.0,0.1,0.0,0.1,0.4,2.5,0.0,0.0,0.0,0.0,0.0,15.4,10.5,27.1,0.1,46.5,10.3,0.0,1.3,119.4,5.6,0.5,48.5,16.3,0.1,10.5
228,32.1,10.2,37.4,9.1,19.0,41.6,45.7,38.4,25.5,43.5,35.6,47.6,7.2,33.4,16.1,30.4,26.6,70.5,14.2,20.9,29.4,19.1,8.6,18.6,77.2,33.8,168.8,30.5,10.7,44.6,7.8,34.0,33.4
229,1.4,82.3,5.4,62.4,15.6,0.0,42.3,18.7,0.1,6.7,0.2,0.0,3.6,0.3,0.0,0.0,0.0,2.0,12.2,22.7,8.7,0.0,52.7,5.1,14.8,9.0,108.6,9.7,1.3,28.1,24.6,2.8,18.1
230,31.6,12.9,4.4,19.2,70.1,3.0,31.1,36.5,23.0,30.1,21.6,7.4,35.0,9.9,0.0,11.6,4.3,0.3,85.3,26.4,66.2,28.5,62.0,0.0,11.3,13.6,85.2,59.3,33.4,69.1,11.2,33.2,32.0
231,0.0,5.4,0.0,8.7,81.6,0.0,42.8,25.5,18.9,7.4,4.4,2.2,49.9,0.2,11.4,0.6,5.4,0.0,123.9,66.0,76.4,9.0,55.4,33.6,1.3,14.7,122.6,101.3,45.9,71.1,69.9,1.4,35.1
232,46.8,0.0,0.0,184.1,25.1,10.3,193.8,3.4,48.2,9.1,61.7,107.4,59.7,46.7,60.4,57.5,62.7,1.7,27.7,87.4,93.8,58.4,115.2,84.6,0.2,2.6,252.8,76.7,93.8,143.4,104.9,38.6,53.2
233,216.3,0.0,0.0,118.4,85.6,157.4,250.2,74.9,142.3,78.9,199.8,216.9,159.9,273.1,176.9,206.8,234.0,223.2,68.2,262.7,218.5,181.3,249.9,241.2,47.5,12.3,118.8,179.5,129.7,226.8,134.6,164.7,131.6
234,128.8,0.0,18.9,196.2,46.8,205.6,249.1,165.5,115.7,136.4,131.3,177.2,78.3,153.7,119.8,155.0,268.2,348.1,50.1,219.6,187.1,117.4,100.0,106.9,187.5,152.3,123.3,44.7,92.2,144.2,197.1,102.3,134.6
235,94.0,1.4,45.5,160.7,77.1,197.7,195.7,132.1,144.1,130.3,166.3,220.4,96.6,232.9,155.6,186.7,238.1,387.0,97.7,233.6,212.3,94.6,52.0,68.8,198.4,103.1,222.8,61.4,78.3,200.9,151.1,126.4,137.7
236,137.4,0.0,59.0,211.2,74.5,289.8,310.8,99.9,150.7,140.1,205.5,196.6,55.1,260.8,133.6,192.6,250.4,305.0,269.3,195.7,232.3,146.3,208.2,178.0,155.9,156.9,312.4,130.5,126.9,204.1,215.5,161.8,161.7
237,22.0,147.9,25.3,159.2,38.8,70.0,235.2,69.9,53.1,26.9,42.1,162.9,72.5,27.1,70.8,66.8,112.8,76.0,62.0,174.0,145.1,39.2,121.0,59.1,104.2,46.6,190.0,53.4,90.5,210.8,88.3,19.2,85.6
238,0.8,16.7,1.9,76.7,58.4,0.9,69.1,59.0,6.1,33.2,1.9,4.0,8.0,0.8,4.9,0.3,4.9,21.1,16.1,17.1,14.5,1.3,46.2,7.7,61.2,19.1,136.3,15.0,3.7,81.4,24.9,2.5,32.5
239,0.1,80.7,5.5,19.3,1.5,1.7,48.0,21.6,0.9,2.1,7.5,1.6,3.7,10.6,1.6,8.4,0.1,0.1,3.5,14.6,18.0,3.4,16.0,7.2,12.6,9.7,122.5,10.9,0.0,58.5,9.0,1.9,16.7
240,0.0,49.6,2.7,3.9,25.5,23.0,8.5,47.1,5.9,16.8,7.5,18.0,15.6,6.1,9.4,11.9,1.6,3.1,18.1,17.9,13.6,4.8,16.8,10.5,16.6,63.9,32.4,14.4,1.0,38.5,3.0,1.6,25.0
241,46.7,90.3,0.2,3.5,38.7,10.4,19.7,50.7,4.5,20.5,12.8,0.3,14.5,16.7,3.4,10.4,0.1,48.2,83.7,17.4,20.8,5.5,19.1,38.8,78.9,29.0,48.1,58.4,4.3,48.9,6.1,46.2,35.8
242,6.6,21.8,0.0,7.9,20.1,3.1,33.8,5.2,3.9,2.2,21.0,2.8,11.3,3.4,4.5,20.5,5.3,2.4,30.6,11.2,22.2,15.2,12.7,21.0,4.2,2.5,30.6,28.7,8.0,28.6,40.8,3.2,13.0
243,0.0,4.7,0.0,55.0,2.3,0.0,47.4,0.3,21.9,0.3,3.9,1.4,9.3,0.0,8.9,1.0,6.3,0.1,12.8,8.1,28.6,5.5,18.7,1.8,0.0,1.1,19.7,6.7,51.1,14.8,26.9,0.0,7.8
244,6.5,1.1,0.0,81.8,57.8,0.2,158.4,35.3,23.1,3.8,3.7,14.6,44.4,2.1,16.3,5.6,14.7,0.0,78.9,86.9,65.2,6.0,121.3,66.0,1.0,5.0,80.1,63.7,57.1,79.4,112.1,6.4,41.5
245,35.5,0.2,0.0,405.5,7.4,55.5,413.4,11.7,90.5,4.7,23.4,167.9,58.4,48.2,58.2,67.9,76.6,28.1,4.5,271.7,168.6,11.8,223.7,64.0,0.8,2.6,412.7,33.4,48.8,316.4,222.1,21.8,88.9
246,158.7,1.6,11.9,222.5,108.1,179.3,350.8,108.8,158.8,145.1,170.7,295.0,102.9,245.2,145.5,208.7,228.3,342.4,329.9,336.8,193.5,134.5,127.7,221.2,164.0,71.7,249.1,271.7,165.8,242.2,134.4,120.8,172.1
247,166.7,5.8,88.0,271.3,53.9,200.6,338.9,107.9,175.4,108.3,187.8,260.8,137.8,182.3,149.8,204.2,210.6,423.0,31.9,369.3,306.9,137.2,103.5,87.6,144.7,86.3,261.2,38.6,161.7,300.8,134.1,138.0,148.0
248,73.8,1.0,44.4,303.6,13.2,192.8,362.7,41.5,64.1,38.6,50.8,219.8,72.6,105.7,71.6,98.3,111.4,210.5,67.5,239.0,129.7,50.9,113.1,115.7,73.4,24.5,383.4,70.8,46.3,243.4,149.9,38.0,101.5
249,14.0,7.6,37.4,319.9,140.8,59.7,315.0,42.9,90.0,30.5,27.9,126.7,209.6,50.1,72.4,56.7,56.8,157.4,235.8,219.8,257.9,60.6,649.2,163.1,44.4,9.9,160.9,118.2,124.3,365.2,201.2,32.8,124.2
250,0.1,0.3,4.8,81.4,2.4,0.7,56.8,2.0,6.2,2.5,0.4,0.6,12.7,3.3,8.0,3.1,2.3,0.1,16.1,27.7,33.0,2.4,35.9,10.5,6.7,0.4,158.8,13.9,6.0,103.5,44.9,1.6,16.8
251,0.7,0.6,0.5,34.1,0.9,0.8,85.3,9.1,1.0,0.5,0.1,0.2,5.8,0.9,1.1,0.9,0.2,0.2,9.4,12.5,13.9,0.6,14.8,8.2,0.9,1.8,199.0,20.3,3.0,48.4,32.0,4.1,13.5
252,4.8,2.8,20.2,31.0,8.1,3.9,78.4,1.7,2.2,13.3,23.8,0.3,12.3,2.3,3.1,15.6,0.0,0.5,2.1,40.0,29.8,17.3,53.0,14.3,1.7,0.5,215.2,2.4,1.9,59.0,50.1,17.0,18.0
253,0.5,16.4,40.8,7.4,0.8,0.0,47.3,1.2,1.2,0.0,0.1,0.0,2.5,0.0,1.6,0.1,0.0,0.0,8.6,5.0,35.0,0.3,31.0,3.6,0.0,1.7,102.4,2.6,0.0,31.1,1.2,0.3,7.2
254,0.1,48.0,0.1,8.4,2.8,0.0,32.2,7.4,11.8,0.7,3.5,0.6,21.4,0.4,6.8,2.9,0.7,0.0,14.9,4.9,28.0,7.9,20.6,18.0,1.3,2.4,79.0,23.1,29.0,23.0,39.6,0.2,11.1
255,0.7,20.5,0.4,5.9,16.6,0.0,49.2,0.5,27.6,1.3,12.7,3.0,26.6,3.3,24.6,6.4,7.8,0.0,21.7,15.5,27.5,17.1,6.2,23.3,0.0,0.0,17.1,14.5,45.4,25.1,0.6,1.6,10.2
256,39.9,11.4,0.7,112.9,24.8,12.0,229.7,12.7,75.7,20.0,92.8,54.3,79.0,19.7,76.1,70.6,46.0,0.4,59.1,88.0,119.9,105.4,82.5,69.1,1.3,0.1,161.3,58.5,146.2,82.9,103.8,21.2,48.9
257,50.0,0.0,0.0,303.8,25.4,97.7,447.0,83.6,105.6,94.0,71.1,273.5,29.3,146.6,67.3,114.8,141.5,73.5,29.4,167.8,146.5,31.4,62.8,37.8,39.3,17.3,507.6,55.2,96.4,226.4,128.8,44.8,104.9
258,147.1,1.5,8.5,198.9,31.6,247.5,356.7,140.1,168.6,103.8,124.8,290.1,80.6,187.0,137.9,157.4,183.9,296.0,83.4,291.8,191.4,87.3,157.5,100.2,199.6,106.2,252.3,93.3,129.8,325.9,118.6,109.1,149.7
259,158.3,0.0,18.0,300.2,75.7,204.2,285.1,190.0,215.7,169.1,222.2,239.7,137.8,257.4,170.4,206.1,210.4,292.9,52.0,221.9,203.7,166.3,178.0,107.1,249.1,111.3,260.8,45.0,178.4,211.3,135.4,81.0,159.6
260,129.7,1.3,35.5,171.0,82.8,351.6,339.4,106.3,153.6,123.1,113.1,246.1,169.0,163.2,124.6,160.1,197.2,276.6,217.5,226.9,213.9,86.4,88.0,143.7,152.5,77.1,307.7,195.9,117.7,241.0,107.6,95.8,147.3
261,85.5,0.7,6.6,231.3,23.2,164.6,323.5,34.6,77.4,36.5,91.0,148.0,79.6,93.0,74.1,133.9,82.5,54.2,55.5,107.2,109.0,51.6,157.9,104.2,74.8,33.5,404.0,105.6,83.7,188.6,81.5,59.4,88.2
262,22.3,1.7,0.0,91.3,1.7,20.3,94.4,0.0,38.7,0.2,15.2,38.8,37.6,8.9,31.9,18.0,17.0,0.4,30.8,69.4,83.3,15.2,153.4,59.2,0.0,1.1,149.8,21.3,46.1,136.3,64.9,8.8,30.5
263,16.2,6.2,0.1,71.4,27.2,1.0,71.3,28.9,4.3,19.9,9.6,0.3,19.4,9.7,0.7,4.1,0.2,7.5,39.3,31.8,33.8,4.0,141.0,39.5,12.2,7.7,219.0,52.8,1.4,103.6,59.1,16.2,32.4
264,17.2,12.8,6.1,76.3,47.1,14.1,104.0,58.4,5.2,10.3,11.5,1.0,9.4,17.5,5.0,11.5,2.6,21.0,28.1,9.0,18.9,1.6,64.4,15.3,22.5,26.6,363.9,38.3,9.6,53.8,28.4,19.0,36.0
265,16.2,28.6,0.6,88.3,1.2,0.3,31.6,0.2,21.9,0.0,22.8,0.9,48.8,7.9,13.3,12.4,2.4,1.4,16.0,26.6,44.4,20.5,102.8,61.9,0.3,0.2,127.3,37.1,18.1,73.9,73.9,3.4,21.2
266,0.0,3.4,0.0,9.6,28.9,0.0,33.4,3.4,18.9,0.0,2.4,0.2,20.1,0.1,17.0,3.8,1.5,0.0,7.6,8.1,21.9,7.2,24.1,16.1,0.1,5.0,55.8,21.9,6.9,18.5,26.2,0.2,10.2
267,1.3,5.6,0.0,16.9,21.8,0.0,58.5,0.5,22.8,0.2,8.8,16.4,33.5,1.9,28.5,7.4,5.3,0.0,43.9,29.4,49.6,39.9,13.7,50.6,0.0,0.3,31.3,32.2,38.7,41.7,12.2,2.2,16.0
268,9.3,0.6,0.0,23.9,97.7,0.0,148.0,11.8,58.5,2.8,22.4,41.9,44.8,2.6,55.7,19.6,37.5,0.1,130.3,52.3,75.0,25.8,117.0,70.3,0.0,0.5,29.0,71.0,76.9,40.3,88.0,3.1,38.8
269,247.5,0.0,0.0,112.9,85.5,69.9,256.6,47.3,98.8,107.5,180.9,132.6,94.1,191.9,125.0,136.0,190.2,121.3,103.3,125.0,130.8,127.8,94.8,163.1,39.2,12.4,87.5,135.9,112.1,105.5,76.7,175.7,96.4
270,161.7,0.0,82.2,119.7,132.4,273.7,279.3,117.2,191.0,138.5,258.2,242.4,127.5,242.5,206.8,188.5,188.3,296.3,114.6,267.6,190.5,187.4,39.1,182.3,146.8,103.8,105.5,236.2,135.3,131.6,102.3,102.3,149.7
271,57.6,0.0,49.4,325.1,25.9,329.8,459.1,120.5,196.9,67.6,137.6,416.3,241.1,171.5,184.3,235.1,175.5,370.1,122.1,306.1,365.2,100.9,198.9,336.9,192.5,88.9,469.2,219.3,139.9,346.1,208.9,60.1,179.4
272,56.6,1.5,122.3,221.5,60.0,203.8,368.3,75.0,193.7,83.8,120.9,194.9,137.7,153.5,163.9,151.5,119.8,192.5,105.2,190.0,310.4,86.5,107.0,233.1,171.3,157.0,313.7,149.3,102.7,304.2,211.0,55.5,146.2
273,11.5,0.2,48.0,276.4,4.2,121.7,503.2,14.0,50.9,12.7,21.0,140.3,94.4,37.0,65.9,40.8,48.9,48.9,15.8,115.3,131.5,29.9,189.5,66.7,16.0,1.1,802.5,35.1,23.8,226.2,136.8,12.1,79.3
274,2.9,31.2,0.0,26.9,16.8,3.2,41.4,15.6,6.6,4.0,10.0,2.0,30.3,6.9,8.8,9.0,0.9,3.4,10.8,17.5,46.4,10.7,99.3,22.1,18.2,28.2,109.0,22.8,7.6,105.9,20.4,5.3,23.9
275,0.4,21.6,1.4,9.6,0.8,12.6,19.2,32.6,1.3,2.2,2.2,4.3,9.5,3.2,2.1,8.4,0.7,0.0,0.8,8.3,25.5,1.0,42.7,4.3,31.7,20.5,59.4,3.3,5.6,54.9,6.6,1.2,15.1
276,0.0,64.1,12.7,25.2,5.6,0.0,69.9,20.2,0.1,0.3,0.6,0.0,13.3,0.0,0.2,0.2,0.0,0.0,29.4,28.2,35.8,0.0,62.5,10.7,0.3,11.0,259.7,22.0,0.4,50.2,29.9,0.0,21.2
277,3.1,35.3,0.0,66.3,0.1,0.0,50.6,1.4,2.9,1.2,2.5,0.0,5.5,0.8,1.1,0.8,0.4,0.0,5.2,5.1,17.9,6.3,28.0,10.8,1.0,3.5,115.8,22.9,4.7,31.6,87.1,4.0,13.2
278,0.0,0.8,0.8,28.7,6.5,0.0,33.3,2.6,3.1,0.1,0.2,0.1,15.9,0.1,1.9,0.0,0.0,0.4,7.5,8.0,12.7,1.4,46.1,5.7,1.6,0.4,63.9,3.3,3.2,17.9,45.9,0.7,7.9
279,13.2,0.0,0.0,54.8,15.5,0.0,90.8,0.3,39.4,2.1,3.8,11.2,41.6,5.0,32.1,11.2,13.9,0.0,30.9,23.2,82.0,3.4,17.4,32.2,0.0,0.0,146.3,50.6,30.6,48.2,24.0,7.1,19.7
280,19.6,0.7,0.0,126.5,70.8,1.4,203.2,11.5,42.6,9.0,19.7,15.4,52.6,7.3,25.9,11.7,40.7,0.1,53.6,70.3,63.6,23.3,91.9,55.0,0.1,0.8,150.2,50.2,54.0,72.8,44.3,10.6,39.5
281,72.2,0.0,0.0,279.2,20.3,88.4,431.3,30.7,152.8,35.3,140.3,208.2,120.5,186.6,154.1,150.7,259.7,151.0,15.9,415.8,312.8,96.3,193.7,197.0,16.4,21.3,308.4,96.4,168.2,308.2,208.1,66.9,125.4
282,201.0,1.9,5.1,104.0,74.7,342.5,390.0,179.6,164.0,166.0,247.1,296.5,168.4,244.5,158.7,242.9,251.5,486.4,147.3,393.2,266.2,187.3,123.1,380.2,236.2,123.5,204.2,347.0,177.9,249.7,110.5,162.4,197.8
283,262.7,12.6,8.8,194.3,208.3,164.5,315.8,163.4,184.7,232.2,208.4,295.7,112.7,212.1,171.9,211.6,221.1,479.4,177.5,243.6,163.3,213.8,44.9,226.7,258.5,161.0,221.7,184.1,116.7,125.0,67.4,199.9,188.4
284,78.5,0.1,98.9,426.7,45.3,255.0,486.0,103.9,113.6,161.8,101.1,251.3,169.2,168.5,99.4,152.3,201.4,326.2,281.1,353.2,264.6,106.5,128.4,307.7,190.3,107.3,649.4,199.6,110.4,387.1,199.1,117.3,188.2
285,6.4,0.2,4.9,234.0,8.9,81.1,224.2,33.9,37.7,34.2,8.6,190.2,88.8,43.4,34.3,43.1,34.0,105.2,66.5,132.4,138.4,3.4,431.4,133.9,33.3,14.2,317.5,47.7,12.7,203.8,67.6,11.1,78.2
286,0.0,33.6,23.6,4.9,0.4,0.2,25.8,1.9,0.0,0.1,0.0,3.8,11.9,0.5,0.0,0.0,0.0,1.8,6.2,20.4,24.9,0.0,10.2,12.8,0.2,12.7,54.3,20.8,0.0,53.8,2.9,0.3,10.1
287,0.2,111.9,12.0,15.4,2.6,0.0,34.0,0.7,0.0,0.3,0.5,0.0,3.1,0.0,0.0,0.2,0.0,0.1,3.0,16.9,13.7,0.0,32.3,2.6,0.0,2.1,125.9,2.4,1.0,25.6,12.5,0.1,11.1
288,0.8,3.0,0.6,31.9,1.7,2.0,47.0,8.2,13.2,2.3,2.6,0.6,21.0,4.2,10.0,6.6,2.8,0.0,13.5,19.0,23.5,10.7,66.4,12.3,2.5,7.8,152.2,6.6,5.7,38.5,21.9,1.7,13.5
289,0.0,56.1,0.7,14.6,1.5,0.0,18.5,0.7,6.8,0.3,0.1,3.3,19.7,0.0,5.2,1.1,4.2,0.0,12.3,29.3,58.8,0.8,26.6,16.3,0.0,6.1,48.3,15.2,0.6,49.0,7.7,0.2,11.5
290,0.8,0.4,0.0,13.5,17.7,0.0,29.0,9.9,8.6,2.4,3.8,0.1,8.6,1.0,9.8,2.6,2.4,0.0,7.9,2.9,12.8,4.2,22.3,16.4,1.0,4.8,44.0,6.6,12.9,9.3,13.3,1.3,8.3
291,1.1,6.0,0.0,16.9,18.6,0.0,27.0,0.1,5.9,1.8,4.3,2.1,5.3,1.3,3.6,1.9,4.1,0.0,16.5,15.7,29.8,1.2,12.0,4.7,0.0,0.2,72.8,5.1,1.4,28.9,6.3,2.7,8.3
292,13.9,0.7,0.1,28.2,55.3,8.2,168.1,33.1,41.7,31.3,42.2,60.1,74.6,40.0,57.3,56.6,87.8,15.5,43.9,72.2,91.7,40.7,86.5,65.9,11.6,11.1,97.0,92.9,72.2,63.3,32.8,27.2,46.7
293,86.0,1.1,0.9,173.1,34.9,125.6,369.0,69.6,86.3,76.5,137.3,240.9,79.7,129.4,108.6,134.3,190.0,249.7,21.5,241.8,168.8,88.3,172.2,90.4,72.3,40.8,176.8,54.5,124.9,160.2,111.1,86.9,105.7
294,47.8,0.0,4.1,163.6,20.8,154.8,214.5,106.1,103.6,88.7,90.1,158.1,46.8,147.4,98.6,153.2,105.9,251.1,32.2,201.8,153.0,59.4,65.3,55.8,153.1,108.0,114.5,22.4,68.5,165.5,84.6,71.4,101.3
295,95.5,1.0,36.8,252.5,22.6,182.9,333.7,95.0,143.0,121.4,78.9,166.7,97.3,142.8,123.0,133.6,202.6,296.0,37.5,210.2,164.3,77.4,81.2,132.9,165.5,95.7,248.2,54.2,88.6,217.0,124.6,101.7,121.4
296,98.1,0.4,100.0,190.6,91.3,159.6,300.0,57.2,227.8,123.9,197.3,214.3,247.3,155.2,216.1,207.3,323.8,215.3,167.1,264.6,349.9,125.8,117.8,305.7,84.5,70.8,251.0,211.9,214.0,358.2,115.4,112.6,153.4
297,51.1,0.7,71.1,64.6,26.5,213.4,245.9,66.5,72.1,54.6,53.5,137.8,145.3,66.3,87.7,61.7,102.1,131.6,61.9,160.4,132.6,63.0,152.4,152.2,148.2,85.8,158.7,44.9,66.8,193.1,39.9,38.2,89.2
298,13.5,12.4,0.3,137.3,21.2,0.0,142.0,12.1,0.7,4.6,0.4,6.3,18.4,6.9,1.7,0.3,2.6,47.2,48.1,16.4,30.8,2.0,243.3,30.9,9.4,5.9,255.5,45.6,4.9,107.2,132.3,25.6,37.2
299,6.3,33.6,11.0,46.7,18.7,13.9,58.4,10.4,3.4,11.6,12.7,0.8,26.4,9.2,4.1,6.4,3.3,74.8,20.7,33.4,20.3,16.5,54.8,67.5,14.5,7.9,111.5,67.7,6.9,80.1,46.4,18.1,26.9
300,32.7,79.6,6.4,51.3,37.6,26.7,45.1,32.8,25.8,10.5,53.1,36.4,61.7,29.0,35.1,43.1,27.0,19.6,29.1,19.4,59.8,39.5,76.8,52.5,15.9,59.8,163.6,23.9,43.8,80.4,26.4,24.1,40.1
301,109.0,57.0,17.2,10.3,31.4,191.7,17.8,21.1,57.3,38.7,151.6,113.9,85.1,122.3,124.3,179.1,100.9,124.2,36.5,28.4,61.1,139.9,35.5,90.7,47.0,31.3,52.6,71.9,67.7,59.5,14.3,87.4,54.7
302,0.0,23.0,1.9,3.6,6.8,0.0,14.8,1.4,1.6,7.4,0.6,0.0,5.3,0.0,0.4,0.2,0.4,0.3,14.3,17.7,15.4,0.9,10.9,4.4,1.9,6.4,35.2,6.0,3.2,19.7,11.4,0.4,7.1
303,0.6,30.3,0.0,29.1,80.2,0.0,70.4,13.0,14.9,3.8,5.5,0.0,59.0,0.8,12.3,1.7,9.6,0.1,162.4,45.7,55.1,22.1,221.9,94.6,1.1,6.2,37.2,111.9,58.5,89.0,53.8,1.6,40.2
304,5.3,0.0,0.0,107.4,83.0,0.1,186.4,4.1,27.3,7.8,6.5,7.4,32.7,5.0,22.8,10.3,7.1,0.2,49.9,25.0,37.2,11.0,187.9,49.3,0.6,0.0,73.0,76.3,35.6,23.7,96.6,2.7,35.3
305,56.4,0.0,0.0,327.7,74.1,83.2,507.5,36.9,94.3,59.4,79.5,201.7,48.8,125.4,89.7,131.4,182.8,54.0,209.6,241.1,117.1,86.2,120.9,85.4,3.1,5.1,319.8,131.6,80.3,131.9,180.0,36.6,109.2
306,138.7,0.4,0.8,266.0,177.8,238.7,395.1,180.1,203.3,199.0,243.0,318.4,337.9,282.8,243.7,330.1,304.7,471.2,352.7,371.3,354.4,204.4,292.1,563.6,154.0,130.7,310.1,327.7,237.3,432.2,228.7,160.0,244.2
307,70.6,2.9,6.7,279.2,16.3,356.2,756.7,76.3,174.5,75.6,125.8,518.2,100.9,216.9,161.5,232.7,316.0,507.4,45.5,679.3,279.2,79.4,130.2,107.1,191.7,117.9,664.8,44.5,164.6,395.6,219.0,79.6,194.6
308,77.6,3.9,73.7,237.5,81.9,301.1,559.5,100.2,93.7,154.0,131.3,310.0,174.2,156.9,114.3,152.7,249.3,462.5,322.2,460.5,273.6,130.7,217.9,284.9,175.5,80.0,551.7,207.3,125.3,397.2,182.5,115.5,197.0
309,2.2,29.7,2.1,56.0,2.0,3.1,58.4,3.7,3.7,2.9,0.7,9.0,20.4,1.2,3.8,2.9,1.8,10.3,8.4,18.3,62.5,2.9,63.8,22.6,5.5,10.7,91.6,9.9,7.8,87.0,39.8,1.1,17.8
310,0.0,8.9,0.0,48.0,0.9,0.0,89.9,0.2,1.4,0.0,0.0,6.0,9.2,0.0,1.8,2.1,7.3,0.0,0.0,26.9,43.0,0.0,130.7,2.4,0.0,0.0,207.6,0.1,5.0,47.5,16.8,0.0,15.2
311,0.0,61.7,0.5,9.1,0.0,0.0,28.7,0.2,0.1,0.2,0.1,0.0,3.5,0.0,0.0,0.0,0.0,0.0,0.6,6.5,6.7,0.1,15.2,2.5,0.1,4.9,54.7,0.1,0.0,27.4,2.3,0.0,6.7
312,0.5,5.0,0.1,65.8,7.6,0.0,46.0,2.9,0.1,0.9,1.9,0.0,13.5,0.6,0.7,0.6,0.0,0.7,23.8,35.6,15.8,0.1,40.1,16.0,0.1,0.7,159.1,33.7,0.0,76.4,48.0,0.1,16.5
313,0.0,75.2,0.4,10.0,0.5,0.0,37.1,0.3,0.7,0.0,0.0,0.0,4.5,0.0,0.3,0.0,0.0,0.0,0.0,6.3,7.4,0.1,91.2,2.8,0.0,1.7,120.9,0.3,0.0,18.5,34.4,0.4,10.1
314,0.0,29.9,0.6,16.4,2.5,0.0,84.3,0.0,8.1,0.0,0.1,0.7,6.4,0.2,2.2,1.1,1.8,0.0,12.1,3.8,26.6,8.4,100.9,14.3,0.0,0.1,106.9,7.7,7.0,21.8,24.6,0.1,11.8
315,0.4,10.5,0.4,17.1,4.7,0.1,74.2,0.0,39.8,0.2,7.4,9.6,36.6,2.7,20.8,5.9,8.1,0.0,4.3,16.6,39.1,3.7,3.2,5.0,0.1,1.6,25.9,0.3,32.0,14.6,4.8,0.1,8.5
316,0.5,7.1,0.5,35.1,9.3,3.7,149.5,1.1,28.0,0.7,4.6,33.9,11.1,5.0,24.7,13.6,50.0,0.0,13.2,30.9,71.3,7.5,14.9,34.6,0.0,0.1,93.9,20.1,61.2,35.0,10.1,10.8,18.8
317,48.1,0.0,0.0,201.9,19.0,174.8,300.6,11.6,129.8,3.1,72.0,278.7,245.7,97.8,131.9,125.4,190.2,91.2,85.1,248.3,225.8,131.8,277.4,276.7,3.8,7.0,155.0,234.6,134.1,206.7,223.7,28.6,105.1
318,32.4,9.7,6.8,187.9,32.7,392.8,458.5,101.0,230.5,106.8,89.3,312.2,199.8,203.8,221.0,270.6,222.5,390.7,79.1,453.1,290.5,62.3,180.1,372.0,250.9,117.0,478.5,119.2,172.6,374.2,163.8,73.4,180.4
319,58.6,2.7,16.5,194.8,25.2,215.0,433.7,76.4,158.9,66.5,78.9,298.5,58.7,137.4,116.9,145.1,265.2,436.4,29.9,292.5,261.1,74.5,112.9,64.7,222.6,103.6,242.5,49.4,152.0,247.0,119.7,79.4,133.8
320,90.6,3.5,21.2,191.2,19.5,197.7,422.3,23.9,101.9,57.5,87.3,158.0,72.9,76.4,63.5,76.9,136.1,181.3,36.8,186.5,167.9,56.7,125.5,61.7,64.5,38.5,445.5,65.9,86.2,264.4,189.8,95.4,99.7
321,25.6,4.2,1.6,177.2,25.6,382.0,273.7,9.2,62.0,4.9,36.7,100.0,19.6,78.2,59.1,43.9,80.1,28.4,55.9,64.6,85.9,24.4,382.5,39.8,6.8,3.5,401.5,33.1,60.9,149.0,100.7,25.0,65.3
322,1.1,39.2,18.8,56.2,12.7,0.0,58.8,22.0,21.9,4.6,0.3,2.5,32.2,0.2,16.2,6.2,13.1,0.5,6.5,29.8,59.8,2.8,93.8,24.4,40.8,61.7,162.4,17.8,15.0,102.4,36.4,1.0,30.7
323,0.0,19.8,2.5,27.3,16.7,0.0,42.9,12.1,0.9,0.4,0.2,0.3,4.1,0.0,0.3,0.5,0.5,0.0,24.1,20.6,28.8,0.0,53.8,10.3,5.7,24.6,104.4,21.2,2.3,43.5,16.8,0.2,16.5
324,11.1,4.0,0.0,24.0,7.2,0.0,53.3,2.5,6.9,2.4,6.4,2.3,12.1,0.6,3.6,1.9,3.1,0.5,4.9,52.4,44.7,6.7,54.8,20.1,0.6,2.9,215.9,22.9,4.2,87.4,65.8,6.2,18.6
325,51.9,27.5,9.4,22.7,19.3,76.1,38.6,7.4,28.2,9.6,59.5,6.1,49.6,63.7,33.6,59.5,20.1,30.3,71.0,21.8,57.5,53.8,58.1,48.3,5.7,8.5,149.0,79.9,30.5,47.3,15.6,36.2,30.8
326,1.1,37.6,1.4,29.8,24.3,0.0,58.2,3.6,26.5,0.4,7.1,2.5,22.9,1.4,14.4,10.6,3.4,0.0,24.0,22.8,29.3,10.0,25.0,17.3,0.1,2.7,35.2,18.9,27.7,25.9,6.7,1.1,14.0
327,0.0,17.6,0.2,28.2,19.2,0.1,57.8,6.5,15.1,4.3,1.7,4.9,23.2,0.1,9.0,0.9,6.4,0.2,23.4,44.0,42.1,4.9,97.1,63.2,0.2,0.5,52.2,51.4,22.4,59.8,112.4,1.8,22.1
328,5.4,0.0,0.0,106.4,23.8,39.3,181.1,5.4,16.3,7.8,12.4,38.4,28.6,9.2,20.1,20.3,50.6,3.0,48.5,56.7,60.5,20.4,202.6,59.7,0.3,1.2,152.9,46.4,32.5,91.8,71.0,9.1,39.4
329,60.0,0.1,0.0,268.8,13.5,255.2,264.0,12.2,96.0,17.1,85.8,217.1,87.7,123.8,130.1,142.6,159.3,208.1,59.4,349.2,231.1,110.5,215.8,143.1,57.5,20.2,270.0,123.6,202.3,228.0,168.8,38.1,104.3
330,144.5,4.3,2.3,176.2,47.7,118.7,211.8,133.7,160.5,134.5,190.5,150.9,116.3,202.2,180.7,186.0,225.4,253.8,25.2,140.0,273.7,138.0,108.1,157.2,181.4,122.7,171.8,73.1,197.1,205.6,110.7,126.7,129.6
331,89.4,7.8,104.5,199.7,39.1,204.9,418.1,120.7,108.4,97.0,99.7,243.9,195.4,158.7,130.9,192.4,207.5,325.5,83.3,315.4,333.3,113.8,202.8,195.0,239.1,117.9,385.1,86.0,174.6,406.8,122.3,111.2,164.8
332,64.6,11.1,107.5,174.6,82.8,169.3,321.3,104.1,83.4,87.0,86.2,185.4,74.0,69.1,78.2,81.0,128.9,194.0,105.4,219.5,201.7,94.4,105.2,176.5,122.7,72.2,293.2,142.8,111.7,258.1,141.4,79.5,126.1
333,6.4,1.9,65.8,81.0,20.3,66.7,194.4,33.4,14.9,26.0,5.7,98.8,12.8,22.0,14.8,25.4,31.1,37.7,41.6,93.8,63.2,7.0,179.1,37.2,44.4,4.2,203.1,34.0,36.2,164.7,100.6,9.9,52.0
334,4.2,5.6,1.7,4.4,22.9,36.1,29.0,20.6,12.7,9.4,14.9,10.7,26.1,6.1,12.5,28.4,4.4,2.3,73.6,30.3,42.2,27.9,43.9,53.9,5.2,1.7,18.6,45.2,6.6,89.2,17.5,5.4,22.4
335,9.1,32.8,13.1,25.4,3.5,24.2,57.7,21.4,0.0,10.7,3.4,0.5,3.7,12.2,0.6,5.8,0.2,4.7,2.1,14.1,11.2,2.5,45.6,2.9,40.0,27.4,122.8,3.1,3.3,31.3,15.4,5.6,18.2
336,51.6,28.9,8.6,113.7,15.4,98.0,59.0,18.5,2.2,4.6,11.4,7.0,7.7,46.0,4.1,17.7,0.8,18.7,28.0,11.4,8.3,4.9,51.3,22.5,4.0,19.1,185.9,30.9,4.1,28.7,56.7,27.0,26.4
337,0.0,12.2,0.5,15.7,1.8,0.0,16.9,1.9,1.4,0.1,0.2,0.1,8.5,0.1,0.9,0.1,0.3,0.5,2.5,11.9,11.7,3.8,40.7,4.8,0.1,5.1,34.3,3.2,7.5,29.3,12.8,0.4,6.4
338,0.4,6.3,0.8,7.0,1.8,6.6,15.7,1.1,2.3,0.1,2.4,7.5,8.7,2.2,7.7,10.3,8.9,0.5,6.5,12.1,16.3,5.9,39.1,10.0,0.2,2.2,48.7,9.6,8.0,30.8,10.7,0.8,7.1
339,0.2,0.4,0.1,19.5,12.3,0.1,29.6,0.5,15.6,0.3,1.0,7.1,9.8,0.1,11.9,0.9,6.5,1.0,27.2,13.6,20.5,7.4,18.6,2.7,0.2,1.0,37.1,28.2,16.3,19.1,37.0,0.8,9.0
340,18.9,3.4,1.2,119.7,44.1,2.8,214.6,7.6,52.8,4.7,27.0,69.6,53.2,18.4,56.9,24.8,144.5,5.1,76.0,73.9,92.5,41.2,77.9,42.8,1.2,0.9,141.3,55.2,69.1,120.3,72.5,14.2,43.9
341,75.4,3.8,4.1,248.8,52.4,124.2,339.3,52.1,107.1,29.7,94.6,195.7,100.0,114.4,124.2,122.9,262.5,151.4,47.5,187.9,204.5,89.2,254.7,87.5,35.7,9.7,266.1,100.8,117.7,254.6,216.9,54.6,103.2
342,205.7,30.6,18.3,215.1,76.5,239.1,248.4,204.9,113.8,147.4,214.8,154.4,100.5,223.6,161.1,234.6,254.0,216.7,72.1,133.5,203.2,159.3,208.7,102.1,169.4,148.3,230.1,94.4,161.0,158.7,154.7,158.5,152.6
343,80.1,31.6,65.8,259.0,28.0,300.0,309.9,99.1,130.3,89.4,107.1,156.3,116.7,153.9,133.0,160.9,256.3,289.9,51.3,204.2,227.9,116.6,220.7,134.8,197.2,97.3,297.5,132.9,96.2,265.2,205.6,79.6,135.8
344,154.3,33.5,54.1,215.6,121.2,731.1,394.9,103.0,169.7,138.5,185.9,535.5,218.9,304.8,221.9,359.4,393.9,324.2,291.3,409.4,349.1,203.0,377.4,260.9,298.6,81.0,276.3,402.8,202.8,408.6,270.1,144.5,227.3
345,45.3,13.4,56.3,171.5,40.1,124.6,299.5,33.9,64.3,19.3,47.3,103.2,79.4,60.2,71.7,74.1,114.5,32.9,29.7,98.1,125.2,64.3,235.8,61.5,16.1,25.1,378.4,43.2,81.3,225.6,177.1,48.9,77.6
346,35.2,17.4,12.8,189.0,33.1,176.5,193.2,45.9,36.1,59.9,32.5,29.9,66.7,60.0,42.1,37.6,70.4,91.4,50.0,61.8,104.9,55.4,246.0,75.0,91.1,28.6,455.8,88.6,42.4,234.7,135.6,37.6,76.2
347,89.3,12.3,6.3,123.1,17.0,74.1,157.8,49.6,2.5,22.9,37.9,4.4,26.8,79.0,7.6,32.1,2.1,77.3,74.5,19.9,26.0,29.3,127.6,70.9,32.9,28.4,460.5,100.9,17.4,77.0,69.1,64.1,55.1
348,5.8,3.6,2.3,83.3,4.6,3.8,67.3,1.2,0.4,5.3,4.4,1.8,9.6,6.3,3.1,4.5,0.3,9.2,7.0,7.8,11.2,6.2,112.1,17.5,1.4,0.5,177.7,10.8,3.5,33.4,92.3,10.4,16.9
349,0.3,14.3,0.5,27.7,2.3,0.1,19.6,0.6,1.4,0.6,0.3,0.2,4.6,0.0,2.9,0.6,0.1,0.2,8.1,4.3,5.8,1.6,34.9,4.2,0.2,0.7,38.8,10.8,1.2,10.7,31.0,0.4,6.0
350,2.2,9.6,1.8,24.3,7.9,0.2,37.9,11.0,10.9,4.9,4.3,1.0,19.9,1.3,6.1,1.4,2.3,1.1,24.9,10.6,33.7,11.3,41.0,22.6,7.0,10.1,70.5,43.0,19.1,35.5,10.5,4.0,14.3
351,0.4,3.3,0.1,45.4,5.6,0.1,93.6,1.2,21.8,0.3,9.2,6.9,24.0,1.6,17.9,5.0,31.2,1.3,12.2,17.4,35.4,17.2,39.9,16.5,0.2,0.5,133.4,15.6,20.1,25.4,19.0,2.0,13.8
352,56.0,1.8,1.5,165.6,40.4,108.7,262.3,1.8,60.0,7.0,75.8,134.1,77.7,58.9,111.2,94.7,194.5,18.8,71.1,113.7,161.2,71.7,209.9,67.2,2.4,1.0,274.7,101.3,119.8,126.5,175.1,32.9,67.8
353,119.6,0.7,8.4,209.8,58.2,438.7,348.2,41.2,96.4,77.1,158.8,216.5,151.0,226.6,183.5,203.8,451.4,263.9,68.0,258.9,308.0,202.0,97.7,141.9,104.6,8.6,264.6,108.5,211.3,255.7,83.6,105.5,124.2
354,103.7,3.2,64.0,131.1,44.4,242.6,150.0,116.2,99.0,101.2,127.9,104.5,85.2,157.3,142.5,139.7,196.1,170.9,48.2,103.3,147.8,114.5,73.1,138.5,235.1,138.5,178.2,79.9,125.1,155.6,111.3,83.5,111.9
355,92.0,9.4,68.5,206.5,61.0,286.1,225.5,136.4,108.2,111.5,109.1,244.4,70.9,189.2,134.1,159.5,261.2,348.4,55.4,159.9,144.1,96.5,127.2,71.4,241.0,146.4,193.0,56.4,113.9,148.6,177.0,95.5,134.3
356,93.3,2.9,164.5,231.1,99.4,437.6,461.7,132.3,98.3,112.1,106.7,281.4,164.9,183.7,148.2,158.7,407.0,247.0,221.4,255.4,217.5,154.6,234.4,196.6,202.7,139.3,372.0,345.6,138.7,355.5,193.9,108.8,190.9
357,33.5,6.9,17.8,189.2,23.9,154.4,291.5,9.1,92.6,18.7,65.7,191.3,107.9,87.9,104.1,84.7,193.9,138.0,69.3,209.9,171.4,77.2,271.7,81.0,25.8,14.3,411.1,97.4,101.3,270.1,203.6,42.4,91.8
358,22.2,1.4,2.9,49.1,66.1,237.7,80.1,32.5,7.1,55.3,11.9,28.5,19.6,63.2,11.1,27.4,10.5,88.5,59.7,25.0,33.1,10.2,73.9,26.5,54.2,12.4,232.9,43.4,9.8,67.2,36.0,36.4,42.6
359,5.7,27.9,2.4,27.0,10.1,10.4,18.5,6.6,19.6,2.6,4.9,13.4,19.5,5.5,20.0,5.1,29.3,5.8,38.1,19.4,34.3,10.3,42.7,24.4,1.8,8.4,47.6,42.4,21.2,53.2,14.8,12.7,16.3
360,7.1,21.7,26.0,90.1,26.4,1.1,82.5,38.2,0.3,32.2,4.6,0.3,19.4,6.5,1.8,1.5,0.3,42.2,24.9,19.2,30.6,9.0,73.6,23.6,29.5,54.3,294.2,26.8,8.1,79.6,46.9,19.5,37.5
361,32.7,14.6,16.8,32.1,28.7,129.1,31.0,29.5,2.9,37.1,12.1,3.0,15.9,42.2,11.4,17.9,3.0,82.9,33.2,5.2,10.9,14.9,41.0,21.2,33.3,18.5,79.0,19.4,4.3,20.9,43.5,48.0,27.2
362,90.8,37.4,14.8,82.7,71.5,306.1,52.9,54.9,19.5,74.6,126.5,42.1,93.9,140.2,61.5,158.7,63.1,88.3,84.7,30.4,92.8,110.1,43.2,99.6,35.0,40.9,156.3,81.1,63.5,98.8,32.5,79.3,69.6
363,8.4,6.3,8.2,26.0,34.1,0.7,80.6,20.4,8.3,12.8,16.7,2.6,43.6,7.3,15.9,7.5,10.1,2.9,80.9,32.1,45.6,28.3,18.4,37.3,13.1,17.7,86.2,74.5,30.4,50.4,11.1,12.8,27.4
364,31.7,22.1,2.2,71.1,80.1,25.4,126.9,7.2,69.6,8.7,100.4,111.9,67.6,42.7,128.7,75.4,155.6,8.8,126.4,69.5,124.2,94.1,22.0,108.5,4.9,2.8,80.9,151.4,133.8,70.4,31.9,28.8,53.7
365,202.8,17.9,38.8,157.8,74.2,172.6,206.9,83.4,74.1,103.8,143.6,142.0,85.1,183.2,128.1,132.4,262.1,145.1,89.7,173.2,164.6,128.9,270.5,129.5,81.2,75.8,237.0,127.0,141.4,152.0,137.5,167.5,119.2
366,148.0,20.2,51.2,78.7,49.0,207.2,134.7,138.5,94.1,108.3,142.0,147.6,70.3,179.9,141.0,163.9,163.1,202.9,21.5,158.0,132.7,96.9,42.5,73.7,201.3,131.2,92.2,42.6,106.4,148.9,72.6,99.8,110.3
367,93.2,18.6,36.9,203.5,32.6,220.4,196.5,97.2,79.2,72.9,102.2,149.6,67.4,135.6,117.0,118.2,257.9,232.5,42.9,122.5,132.9,85.0,95.9,79.1,255.5,118.7,193.5,76.8,73.5,156.6,158.3,71.0,107.7
368,83.4,41.6,104.6,184.2,36.7,240.9,341.1,74.1,114.3,87.0,112.8,234.2,97.5,160.4,168.2,130.4,295.5,360.2,64.8,176.2,236.0,96.3,171.0,91.7,213.2,116.3,289.3,115.1,171.0,201.3,172.8,89.3,132.7
369,106.6,18.3,39.2,197.6,70.4,601.9,247.1,47.2,20.2,70.0,64.5,127.6,59.7,196.5,57.3,164.6,87.2,176.6,89.4,115.7,113.9,60.5,378.8,88.1,116.1,33.7,361.2,132.9,37.9,259.3,117.1,92.4,110.6
370,8.3,20.0,16.0,123.6,15.1,14.7,150.3,32.6,5.4,5.1,5.5,31.9,51.8,16.1,17.5,7.4,28.3,34.4,20.1,78.9,89.3,25.9,224.8,34.8,25.0,26.6,274.1,39.0,25.0,192.3,129.9,16.4,50.2
371,23.7,24.2,7.1,78.8,6.3,36.7,90.6,7.4,4.1,14.6,9.9,10.5,9.3,35.3,10.2,18.7,1.0,66.2,3.6,21.4,11.7,6.9,113.9,7.1,40.5,7.0,282.6,5.1,4.8,58.4,24.3,16.7,25.9
372,4.4,44.3,5.6,50.4,21.6,85.6,33.9,5.8,6.7,8.3,7.4,22.1,7.6,8.4,14.2,17.0,32.4,0.8,29.1,8.8,27.6,5.8,64.8,11.5,1.5,24.2,116.3,25.4,11.9,29.6,32.3,4.5,20.1
373,9.6,0.1,0.3,33.8,3.1,0.8,26.6,0.5,0.8,3.6,4.1,1.0,2.4,4.8,5.8,2.2,1.1,0.6,1.5,9.1,5.6,3.3,40.8,6.8,0.5,2.0,80.9,2.1,1.8,22.5,16.5,6.9,7.4
374,12.7,14.7,8.0,33.1,56.3,16.5,30.0,7.6,27.8,18.7,25.0,52.5,16.8,16.1,37.4,22.8,54.5,29.5,47.2,45.3,54.2,28.2,55.9,24.9,11.6,14.2,75.1,48.4,50.6,39.0,47.6,17.6,28.6
375,1.7,13.9,2.6,19.3,28.5,0.2,28.9,7.1,19.0,3.1,10.0,9.9,33.2,1.1,18.5,3.9,47.4,1.1,45.2,19.9,53.9,26.0,52.3,29.7,1.5,3.3,30.6,52.6,34.8,30.3,23.7,3.8,17.1
376,6.3,2.7,3.1,61.7,46.7,5.5,143.8,11.7,51.8,8.9,42.2,45.4,49.4,19.6,76.7,27.1,95.2,4.2,93.0,35.7,69.5,71.7,27.5,63.3,5.3,0.9,84.0,128.2,56.3,35.5,50.0,18.2,37.2
377,71.0,9.0,6.5,244.9,45.4,158.7,281.9,56.8,113.0,56.7,104.1,172.2,130.7,171.7,169.8,123.8,400.6,161.5,58.0,187.6,225.8,132.1,274.0,144.5,54.0,40.9,209.7,119.8,146.6,206.2,169.7,72.0,110.8
378,172.7,26.1,23.6,180.9,51.2,252.2,177.8,110.0,131.9,104.0,173.0,185.1,73.5,240.1,171.2,140.5,330.5,342.9,36.4,164.2,174.9,131.1,94.2,72.0,231.2,139.1,152.1,42.6,111.2,214.8,103.9,119.1,125.9
379,193.6,31.0,54.3,173.3,147.7,340.7,306.7,190.8,128.4,180.4,218.3,189.8,134.2,224.8,200.3,172.7,386.2,308.1,128.0,212.3,218.5,207.0,211.6,139.3,229.7,94.8,260.3,121.8,155.0,267.3,159.0,145.7,172.1
380,62.0,26.7,79.9,202.8,84.2,314.4,314.7,85.9,113.7,82.6,61.5,239.0,116.6,156.5,140.4,131.9,322.8,276.5,75.7,203.2,200.0,69.3,130.5,97.1,151.1,78.1,301.1,82.3,112.7,255.9,166.8,77.8,128.8
381,8.7,0.6,2.6,81.7,10.8,62.6,128.0,10.3,14.6,16.7,19.4,36.7,58.3,34.0,31.7,39.2,49.5,41.0,32.2,44.4,81.2,38.8,79.5,41.4,19.5,1.0,193.5,50.4,37.3,223.3,45.3,9.2,38.9
382,30.1,4.4,1.3,53.4,35.6,67.1,91.7,6.5,45.5,10.9,25.0,31.1,53.2,36.4,45.3,28.8,59.3,15.2,50.0,27.8,48.8,30.3,35.2,42.9,4.8,0.4,161.4,53.8,28.0,113.3,19.5,25.1,31.0
383,2.1,45.4,12.2,41.8,23.8,29.0,50.2,19.3,2.7,16.0,1.3,0.6,18.5,12.7,3.5,12.0,2.2,43.0,15.9,34.7,35.9,6.5,43.1,11.8,19.7,25.5,84.8,19.4,4.8,96.1,50.8,10.4,26.2
384,0.4,53.6,8.4,16.1,2.6,0.0,36.8,12.3,0.0,1.3,0.2,0.2,3.1,0.3,0.1,0.1,0.0,0.5,10.2,6.1,4.4,0.7,30.5,1.7,3.8,41.6,84.3,8.3,0.4,36.9,19.5,0.4,14.6
385,2.1,44.9,18.4,6.9,11.1,2.8,8.1,8.1,0.0,7.8,1.5,0.2,5.0,2.9,1.1,1.0,0.1,11.0,7.4,5.7,8.0,2.0,9.5,3.6,30.2,31.3,32.4,14.9,0.4,32.6,2.1,1.3,12.7
386,6.7,1.4,0.5,9.1,15.1,1.2,23.1,6.1,18.1,13.3,14.2,2.1,20.7,6.5,17.0,14.6,14.7,1.5,50.6,16.4,32.3,20.9,25.6,28.1,3.6,0.5,61.1,57.9,19.4,65.4,7.5,18.8,16.6
387,0.4,0.0,0.1,65.1,23.0,0.0,64.0,3.4,12.9,1.4,6.0,3.2,16.5,0.1,14.3,1.8,13.5,0.1,45.0,28.0,37.4,17.7,76.5,25.2,0.5,0.5,97.6,36.2,21.2,35.3,51.7,2.6,18.5
388,4.2,7.9,1.6,49.7,40.6,1.7,262.3,10.4,48.9,4.7,17.2,90.2,51.2,6.8,86.6,29.5,174.9,1.1,60.7,156.8,130.5,29.6,64.1,40.9,0.7,4.8,143.2,70.8,79.9,110.0,48.4,10.7,48.1
389,43.5,0.2,1.9,363.6,22.6,197.4,409.4,20.6,86.2,12.5,108.3,223.9,69.2,101.8,119.7,116.1,386.0,62.6,45.6,355.6,217.0,83.2,241.0,62.5,12.5,12.5,285.5,61.7,98.5,181.7,229.9,30.7,102.7
390,169.3,2.9,12.1,169.2,37.8,287.4,254.3,153.3,101.7,121.7,173.7,162.6,95.1,233.3,174.5,159.4,320.4,279.1,31.0,183.0,204.3,107.9,111.0,118.1,169.5,182.9,157.5,79.0,146.6,245.1,141.7,134.1,140.9
391,143.8,7.1,68.3,202.8,45.1,560.3,249.2,122.1,101.3,139.3,131.4,230.4,88.9,266.8,209.5,228.4,517.2,346.5,40.6,207.0,311.3,92.2,205.1,96.3,248.3,93.9,207.3,68.3,167.4,199.7,160.3,113.5,145.9
392,159.5,9.6,59.0,229.8,108.3,528.0,401.7,58.8,86.8,97.3,143.7,369.4,182.1,247.4,186.3,190.9,441.1,392.7,172.1,320.0,322.5,168.0,240.0,145.0,162.9,39.4,377.5,129.2,123.6,429.0,228.1,111.3,169.8
393,21.8,0.0,0.6,221.7,15.2,142.7,228.8,14.4,31.4,34.1,14.6,71.7,109.6,59.4,53.0,50.2,81.7,102.4,64.9,141.8,114.8,67.4,255.2,85.8,49.0,4.3,414.0,113.9,30.3,314.9,154.8,16.3,77.0
394,0.1,1.4,0.2,33.4,1.9,0.1,37.9,1.7,0.6,0.0,0.3,6.7,4.9,0.9,3.3,0.4,0.0,0.3,7.8,13.3,12.0,1.3,94.0,1.4,0.1,2.5,98.2,12.2,2.4,43.3,37.9,0.3,10.7
395,27.6,2.8,3.7,40.1,35.6,7.3,18.4,42.7,0.0,21.2,0.4,0.4,6.9,19.8,0.1,0.3,0.0,30.6,34.2,7.0,7.9,1.8,54.3,9.1,17.6,36.7,55.4,14.2,0.2,37.1,38.7,27.2,24.4
396,35.5,14.4,0.6,105.7,0.7,5.2,99.6,0.1,7.9,2.4,3.5,1.7,27.1,14.8,11.5,15.4,1.6,3.5,16.5,25.0,32.4,9.2,89.8,19.5,0.4,1.6,323.9,27.3,5.6,112.7,55.2,24.3,25.7
397,28.6,12.8,9.1,19.2,7.0,2.6,20.0,19.2,7.7,12.2,13.8,2.0,15.2,16.2,17.5,16.2,2.6,4.1,18.0,13.6,14.3,10.0,19.1,20.8,14.7,34.3,58.3,12.4,10.3,37.2,5.8,22.8,17.6
398,0.0,4.8,0.0,15.5,2.4,0.0,30.1,1.8,12.2,0.1,0.8,1.4,14.8,0.1,6.8,0.4,4.0,0.0,3.6,20.5,29.7,2.8,50.0,7.3,0.1,0.9,49.3,12.2,5.7,57.4,15.1,0.2,9.1
399,10.6,0.3,0.0,120.0,7.2,0.0,101.7,0.9,44.5,1.7,12.6,13.3,48.6,2.2,41.7,6.6,58.3,0.2,53.8,49.3,84.6,24.1,78.0,41.6,0.1,0.1,109.5,79.0,65.8,90.1,57.1,6.9,28.3
400,44.7,0.4,0.0,45.8,11.7,19.0,165.2,4.4,59.1,8.3,52.1,60.8,29.5,57.7,89.5,80.1,166.6,7.2,47.9,73.2,72.1,39.5,160.6,47.4,0.6,0.3,59.5,62.6,45.7,35.1,118.8,27.4,39.0
401,226.2,0.6,15.3,160.5,30.8,317.3,237.8,45.9,127.4,72.1,268.6,280.3,111.5,201.4,241.2,246.8,565.0,171.8,82.0,231.7,260.1,161.8,230.2,131.6,98.3,43.1,129.9,124.7,149.4,154.0,170.0,126.4,121.5
402,77.7,3.9,6.9,164.1,29.0,140.5,117.8,97.1,85.9,63.9,70.3,93.7,40.9,147.8,112.6,118.8,104.9,219.4,37.8,86.2,76.9,31.4,90.7,25.1,148.5,120.1,109.5,26.2,52.1,120.6,97.3,55.6,83.8
403,97.3,5.5,19.6,241.5,41.0,298.9,257.0,122.4,198.2,89.8,146.3,256.6,79.6,206.9,223.9,215.0,459.3,367.8,21.3,208.4,238.8,71.7,129.5,67.0,291.1,147.8,195.7,29.4,124.6,218.0,159.2,82.6,139.1
404,123.1,7.5,76.6,202.1,172.8,337.0,301.0,110.4,120.7,168.8,165.2,197.1,72.4,201.6,172.2,161.9,312.8,379.4,226.9,178.6,173.1,110.2,146.8,164.1,320.4,109.0,218.1,203.5,88.4,197.6,137.3,179.4,166.0
405,83.3,40.7,21.5,160.9,67.4,292.3,224.9,52.0,86.8,70.8,65.5,188.7,93.3,149.8,112.6,147.4,213.6,168.6,46.6,257.9,167.3,58.6,162.3,74.6,70.5,81.8,253.7,75.3,64.2,332.5,87.0,60.1,110.7
406,40.5,9.9,0.5,127.2,7.7,198.3,118.4,3.3,31.1,8.8,50.4,58.9,35.2,75.9,64.5,100.9,74.4,30.5,14.2,44.1,84.8,31.1,82.2,30.9,5.6,1.0,358.8,18.4,46.9,93.8,67.4,23.8,39.6
407,1.2,24.7,13.0,27.4,19.3,0.6,31.7,33.1,4.8,21.7,1.2,4.5,6.6,1.7,4.8,4.8,0.6,3.9,16.6,28.6,13.6,3.8,67.0,5.5,51.1,25.9,99.4,6.9,3.3,67.1,28.5,5.0,23.4
408,11.3,17.8,11.1,26.7,6.9,5.7,39.8,15.2,5.3,6.6,3.3,1.0,12.3,8.4,4.1,8.1,1.5,1.4,22.5,14.9,6.8,7.5,67.0,14.2,11.3,23.8,126.7,25.2,1.3,50.6,48.4,8.9,19.0
409,0.0,49.5,3.1,14.2,0.6,0.1,28.5,13.8,5.7,0.7,0.8,0.4,7.9,1.1,5.8,1.0,1.2,0.5,2.8,4.7,9.1,2.3,62.0,3.4,1.2,36.2,82.4,7.5,5.2,15.5,42.7,0.4,13.7
410,0.4,13.4,6.1,34.6,11.3,0.1,34.6,11.5,7.2,0.7,0.9,0.7,11.3,0.1,6.7,0.7,2.3,0.0,38.2,9.6,11.4,4.6,20.0,13.7,4.8,35.1,91.7,36.2,4.7,30.3,19.0,6.3,16.2
411,0.0,1.2,0.0,32.7,12.3,0.0,14.0,1.0,4.3,0.0,0.3,0.4,6.8,0.1,7.3,1.4,0.5,0.0,13.9,8.5,8.0,2.7,57.0,2.2,0.0,0.8,19.2,10.1,6.3,8.0,21.5,0.3,6.6
412,2.5,5.6,0.6,72.6,30.8,3.5,200.4,3.5,21.6,1.9,8.7,44.4,14.2,6.0,33.3,19.4,115.2,0.2,54.6,96.9,51.7,11.9,52.8,29.3,0.3,4.5,76.5,50.7,25.5,31.6,68.7,6.7,31.8
413,45.7,0.0,0.0,250.9,49.9,111.2,277.0,26.0,108.1,31.5,95.8,155.4,108.1,96.3,152.0,110.4,366.8,40.8,75.9,155.8,223.2,104.0,89.7,124.9,12.0,0.9,280.4,132.0,129.1,162.3,148.9,49.3,86.2
414,101.3,5.1,6.9,156.8,22.3,310.6,142.6,76.1,145.5,74.8,136.4,182.1,56.8,217.7,181.9,179.8,270.0,262.9,31.1,145.2,164.5,57.3,57.5,34.5,150.3,97.2,120.4,38.0,125.7,121.7,127.2,83.1,97.6
415,123.4,3.0,31.9,124.7,21.5,234.1,236.5,99.3,87.2,89.5,137.1,192.5,47.3,171.7,138.5,154.5,265.5,366.6,31.0,162.7,150.6,57.2,94.6,59.3,339.6,122.8,100.9,19.9,103.4,90.8,102.1,86.3,110.8
416,78.1,14.0,60.0,182.8,60.6,851.0,308.2,98.5,76.1,106.1,91.2,300.7,57.2,239.8,140.1,194.1,342.6,299.0,166.2,227.3,182.7,66.0,128.4,86.6,199.3,129.5,233.6,142.2,81.2,168.0,153.5,71.2,144.4
417,40.5,1.9,45.1,235.3,19.6,251.8,359.7,41.3,86.8,31.3,63.2,189.1,91.0,128.6,133.4,128.8,298.7,189.8,28.6,209.9,194.1,78.1,187.2,72.3,39.4,17.0,394.5,78.7,60.4,271.9,141.2,34.8,100.1
418,33.7,53.1,91.1,90.5,22.1,46.8,66.5,69.0,17.6,74.9,9.4,34.4,15.8,50.5,33.5,29.3,27.2,49.6,26.7,47.7,29.1,9.7,139.0,24.5,159.5,135.0,245.4,25.9,20.9,124.1,95.5,49.9,68.5
419,16.2,41.6,14.7,81.4,3.6,2.1,59.7,15.2,0.1,10.7,6.6,0.9,10.0,6.1,1.0,2.2,0.0,14.6,7.5,6.3,9.4,10.2,81.0,16.1,10.6,45.9,144.4,12.7,0.5,32.7,65.5,18.2,23.5
420,38.5,4.3,1.9,31.1,11.3,80.1,28.4,6.0,11.3,16.9,5.6,4.0,34.5,49.8,7.8,6.8,4.0,60.4,13.0,29.5,25.9,23.7,56.8,29.0,21.4,9.2,75.3,19.9,8.8,85.2,29.5,27.4,21.6
421,28.4,10.5,8.8,13.4,2.8,112.1,46.9,20.2,5.3,18.7,20.5,4.9,9.8,55.6,8.0,29.8,7.7,61.7,3.5,17.0,12.8,12.5,27.2,6.0,54.9,25.6,137.8,3.1,1.1,56.6,8.0,19.6,22.7
422,1.5,62.4,36.9,4.1,21.6,0.0,21.0,27.3,8.1,2.3,12.1,2.9,6.9,1.1,16.2,9.0,14.6,0.1,15.2,2.8,9.6,19.3,9.6,8.6,3.0,82.1,18.8,12.9,3.3,8.1,4.1,2.3,21.0
423,4.6,11.8,0.2,25.9,7.3,0.0,32.4,3.3,21.9,1.0,6.7,7.8,39.3,1.4,29.3,5.1,8.7,0.8,37.0,25.9,41.3,17.2,12.0,28.1,1.7,2.5,36.3,35.9,34.9,50.7,23.4,2.7,14.0
424,17.3,0.6,0.0,207.1,30.5,2.1,239.4,6.2,32.8,5.6,27.7,11.9,46.0,16.0,26.6,9.8,32.3,9.3,80.5,63.5,68.5,34.4,248.4,47.1,2.3,7.3,281.7,120.0,46.0,135.6,194.8,13.3,53.9
425,72.6,0.0,0.8,499.1,23.8,84.7,409.1,19.5,59.7,31.1,104.5,133.1,64.6,81.7,115.6,92.5,248.6,53.5,72.7,148.6,171.9,66.4,406.0,65.4,14.9,12.0,385.7,117.3,64.0,218.0,551.9,56.7,108.7
426,162.8,1.1,6.6,137.2,44.5,354.8,182.5,82.8,103.8,143.9,111.1,179.4,60.9,209.3,184.2,155.9,348.0,303.0,171.4,169.1,172.2,83.3,105.3,96.2,221.8,93.5,92.9,128.5,123.4,107.5,121.8,153.7,120.9
427,77.3,0.5,22.4,184.8,6.0,664.3,345.9,32.4,107.8,49.9,109.9,307.3,80.8,254.4,184.5,201.0,337.7,349.0,14.8,303.2,239.0,58.6,153.0,56.8,162.3,74.8,303.1,53.2,106.1,243.5,144.9,51.1,122.3
428,81.9,1.1,17.8,234.2,63.8,339.2,373.1,49.1,97.0,115.1,69.9,226.4,111.0,167.4,150.6,167.6,452.7,251.2,102.8,238.2,285.1,70.3,172.3,81.3,150.6,17.8,461.3,105.9,114.9,282.2,166.5,68.5,128.2
429,4.5,0.5,3.6,293.1,0.4,27.0,251.8,0.1,20.1,1.9,4.7,43.2,21.4,24.5,29.2,20.2,46.9,30.3,2.7,66.0,40.5,13.4,354.9,9.6,6.4,0.2,550.4,17.6,31.5,123.1,402.7,3.7,55.5
430,0.0,3.9,1.0,99.1,2.8,0.0,199.1,1.5,1.5,0.3,1.2,4.5,22.0,0.1,3.5,2.9,6.5,0.0,3.8,51.7,29.6,6.6,254.9,15.6,1.9,1.8,501.3,10.4,3.8,189.6,103.3,0.0,36.6
431,8.9,6.9,3.1,50.3,12.4,0.7,38.3,12.4,0.5,3.6,1.7,2.7,4.4,12.9,3.3,2.4,0.0,21.4,8.0,10.1,7.9,1.3,70.3,2.8,12.3,16.4,173.3,6.5,0.6,48.6,51.6,7.2,17.0
432,6.2,26.8,12.2,52.8,3.5,0.7,52.1,20.6,4.7,3.2,4.8,2.9,12.6,1.1,4.1,0.2,13.4,0.3,10.0,26.0,33.0,3.8,79.2,9.4,14.9,42.2,150.0,17.3,11.9,85.0,45.9,1.5,23.7
433,0.0,1.3,0.2,21.1,4.6,0.0,17.0,9.3,0.9,0.1,0.2,0.2,4.6,0.3,0.5,0.0,0.1,0.2,6.4,8.8,7.2,1.2,39.5,3.0,0.6,1.5,42.9,13.3,0.6,25.4,55.1,0.0,7.9
434,0.0,14.1,0.1,30.4,0.2,0.0,48.7,0.7,2.6,0.0,0.2,1.3,10.0,0.0,9.9,0.9,13.8,0.0,5.5,5.0,14.1,1.6,54.3,2.9,0.0,2.9,66.7,10.5,2.0,22.7,23.0,0.0,8.4
435,1.9,1.4,0.0,21.6,10.9,0.0,31.3,3.0,12.5,2.4,3.8,0.9,27.1,0.8,18.3,2.4,3.3,0.5,22.6,16.9,31.5,10.5,51.9,13.5,0.8,0.3,28.0,16.5,18.8,32.1,47.6,2.0,11.0
436,22.7,0.0,0.0,137.5,37.3,2.5,230.2,6.8,73.3,7.3,62.0,64.6,53.1,17.1,78.7,26.5,148.4,1.4,79.2,122.8,147.5,62.9,70.4,55.0,3.2,0.1,168.9,99.9,77.4,103.5,118.8,17.0,51.3
437,124.1,0.2,9.4,196.8,34.1,691.7,319.2,61.6,153.1,70.2,137.3,323.5,131.2,234.3,190.3,225.0,413.1,235.5,90.1,318.9,243.7,125.2,242.3,116.4,107.3,34.0,249.7,116.5,130.7,276.7,230.9,98.0,137.5
438,176.6,3.0,10.8,143.6,55.7,249.6,162.7,114.2,92.1,131.2,148.6,153.8,62.0,256.4,164.1,170.7,228.7,328.5,99.9,132.1,135.7,84.4,113.5,123.4,184.0,142.5,112.4,168.8,96.2,140.9,118.2,148.3,128.8
439,117.5,7.5,53.5,147.7,43.0,705.1,299.0,105.4,126.7,121.5,170.3,345.8,135.7,271.0,179.8,245.6,404.9,408.4,43.2,231.1,231.7,131.3,172.5,103.4,391.7,142.6,148.4,52.5,130.6,236.9,178.5,108.5,157.0
440,185.5,3.8,53.7,230.4,24.1,443.7,320.1,46.1,120.4,68.9,201.8,240.5,119.1,235.6,213.6,182.5,467.6,322.6,42.1,249.7,265.0,158.6,210.7,114.0,141.9,75.7,320.7,97.4,165.2,218.3,181.4,117.4,133.0
441,36.6,3.0,6.6,138.7,12.0,187.0,227.8,7.7,49.7,52.6,47.0,142.1,52.0,87.6,68.5,117.4,95.4,95.0,46.1,94.6,101.2,58.9,112.7,58.5,71.3,1.3,326.0,81.5,69.1,225.4,74.1,35.5,67.4
442,0.2,0.7,3.3,52.4,16.2,0.2,57.5,11.2,1.3,3.6,1.8,2.5,21.4,1.4,4.5,1.8,6.3,0.9,40.4,25.0,36.5,7.7,114.5,11.9,4.2,7.4,138.0,53.5,7.1,109.2,57.0,1.5,23.2
443,1.1,37.3,23.7,45.8,5.0,0.2,41.6,24.0,0.0,9.0,2.6,0.4,3.6,0.8,1.5,1.1,0.1,0.1,12.0,5.9,5.4,2.4,42.2,3.8,33.1,52.3,84.4,12.6,0.5,24.9,42.2,3.2,20.4
444,1.0,1.4,0.3,65.0,2.6,1.3,74.5,0.1,3.8,0.2,0.7,5.6,15.4,1.2,11.6,3.6,12.9,2.3,15.7,20.0,24.3,3.8,103.9,5.6,0.7,0.7,177.6,20.7,12.1,69.2,61.1,0.5,17.0
445,3.9,8.7,0.2,57.3,1.3,0.7,78.3,3.8,1.6,2.5,2.0,0.6,12.0,0.4,3.3,1.9,1.1,0.1,8.5,13.3,12.6,5.8,81.7,10.3,3.4,2.7,225.9,19.0,6.0,43.0,76.0,1.0,16.4
446,0.0,13.8,0.1,52.3,0.1,0.0,30.3,0.2,5.2,0.0,0.1,0.4,3.3,0.0,5.0,0.4,5.2,0.7,0.3,5.1,10.3,0.7,46.9,0.6,0.4,1.0,65.6,1.0,6.1,12.8,39.9,0.0,7.1
447,15.3,0.7,0.0,79.2,14.2,0.5,84.4,1.7,44.0,3.6,8.3,11.1,29.2,2.6,36.1,4.9,33.5,0.5,29.4,20.5,38.3,19.1,74.3,26.6,0.9,0.1,72.3,45.5,33.0,39.6,74.4,10.3,20.0
448,6.5,0.0,0.0,141.3,22.0,2.4,158.4,0.7,19.1,3.4,5.7,52.3,9.9,9.3,39.0,9.9,36.7,1.6,27.8,100.2,27.0,4.7,118.5,9.2,0.0,0.0,110.6,28.3,34.3,50.5,68.7,4.3,30.3
449,39.2,0.0,4.7,180.9,8.8,239.7,305.3,69.6,92.3,63.1,53.5,229.5,78.6,139.6,154.1,163.5,225.6,179.0,29.3,230.1,152.6,47.8,150.1,64.6,95.5,72.0,299.5,51.5,61.7,274.4,151.5,46.8,106.4
450,92.6,2.9,22.2,138.1,14.4,294.4,196.0,83.9,114.3,99.7,112.3,217.0,47.1,236.8,178.2,197.5,240.3,315.4,10.2,141.2,129.7,57.1,93.6,33.9,200.3,138.1,100.0,21.6,91.6,157.7,140.1,80.1,109.1
451,123.6,15.3,57.4,199.3,114.0,312.2,283.0,205.6,114.4,188.9,172.4,218.3,50.2,248.6,173.7,171.2,335.8,320.1,81.1,177.7,194.7,67.1,172.7,70.7,339.3,237.3,156.7,51.2,117.8,146.6,208.8,120.0,171.5
452,53.5,54.9,272.0,187.8,50.0,351.7,425.7,60.6,78.6,98.7,73.7,321.3,119.9,129.4,150.5,140.8,331.2,230.0,132.9,316.1,220.5,98.3,154.2,138.3,184.1,75.6,462.1,141.2,72.9,366.4,139.4,61.5,154.9
453,48.0,4.0,1.4,127.2,26.0,272.7,188.5,39.0,58.6,41.7,37.3,104.7,43.9,86.6,69.0,57.5,101.4,183.2,34.2,118.6,82.1,40.3,73.6,34.2,30.9,15.9,316.5,44.7,46.1,175.9,66.3,35.9,63.4
454,6.0,6.6,0.5,129.9,6.7,1.8,152.2,1.1,11.7,0.4,9.8,8.6,27.0,3.3,23.2,7.7,7.7,0.3,26.9,34.0,32.0,22.4,136.2,29.8,0.0,0.6,283.8,54.5,8.6,98.0,74.8,4.3,29.9
455,0.2,15.4,1.5,65.1,1.3,0.0,77.5,6.3,9.5,0.0,4.4,1.4,11.3,1.4,5.6,1.9,2.4,0.1,4.4,17.5,15.3,7.7,86.6,6.6,0.4,14.1,181.3,8.1,8.7,68.8,53.8,0.0,17.6
456,0.0,32.7,7.0,59.3,2.1,0.0,66.2,8.5,0.4,1.1,0.8,0.1,5.9,0.3,0.7,0.4,0.1,0.1,2.2,8.0,9.6,3.2,98.0,2.7,7.8,19.1,120.7,3.1,0.4,28.1,69.0,0.2,16.0
457,0.0,20.2,3.5,30.9,1.1,0.0,63.7,12.9,0.1,2.1,0.1,0.0,7.1,0.0,1.1,0.2,0.0,0.1,1.2,5.1,5.8,2.4,23.3,2.8,3.3,25.7,158.5,2.4,0.0,34.2,23.0,0.0,13.4
458,0.1,24.5,1.0,33.1,12.8,0.0,38.2,18.9,21.8,0.9,3.8,1.2,20.6,0.4,17.6,5.0,4.4,0.4,23.0,12.9,22.5,8.2,47.0,7.2,0.6,7.9,116.5,28.1,15.8,37.1,32.5,0.0,15.9
459,1.0,0.0,0.1,14.6,6.9,0.0,23.5,1.3,10.1,2.7,5.5,7.0,31.3,0.1,18.7,1.4,16.4,3.6,50.5,34.3,45.4,12.3,29.0,34.4,1.1,0.1,19.6,74.8,23.0,71.9,13.7,3.4,15.4
460,9.6,0.4,0.3,58.4,50.7,1.0,96.6,17.7,43.2,12.0,23.8,49.5,61.4,4.0,80.2,17.0,92.1,3.5,103.5,63.4,90.7,46.3,109.1,71.1,1.0,2.1,48.1,129.8,80.2,63.7,62.1,13.5,40.0
461,6.7,0.2,1.6,75.4,10.6,137.3,207.8,10.0,28.2,11.0,20.1,97.7,11.5,56.1,35.6,42.3,43.3,36.4,15.3,121.0,54.9,11.6,97.7,11.7,5.6,4.6,127.4,31.0,53.2,81.6,57.6,7.7,39.2
462,80.9,2.4,7.9,142.7,31.2,280.7,260.9,37.0,117.6,93.0,92.7,185.7,57.9,200.3,188.0,163.2,303.8,263.8,34.2,167.4,162.5,64.2,124.9,41.0,185.4,62.2,187.8,26.0,118.5,216.3,116.5,79.8,100.7
463,82.7,40.1,83.6,210.2,22.1,217.4,224.6,56.3,97.3,57.8,139.8,237.7,71.2,190.0,169.3,158.3,257.7,292.2,21.1,192.9,224.3,71.8,114.1,44.6,191.2,87.9,183.4,36.2,122.3,194.4,159.5,73.0,111.4
